culture	government_type	key
#diplomacy_negotiation_strings_tables;0;db/diplomacy_negotiation_strings_tables/diplomacy_negotiation_strings		
rom_Barbarian	gov_absolute_monarchy	accept
rom_Barbarian	gov_empire	accept
rom_Eastern	gov_absolute_monarchy	accept
rom_Eastern	gov_empire	accept
rom_Hellenistic	gov_absolute_monarchy	accept
rom_Roman	gov_absolute_monarchy	accept
rom_Roman	gov_empire	accept
rom_Barbarian	gov_absolute_monarchy	acknowledge_accept
rom_Barbarian	gov_empire	acknowledge_accept
rom_Eastern	gov_absolute_monarchy	acknowledge_accept
rom_Eastern	gov_empire	acknowledge_accept
rom_Hellenistic	gov_absolute_monarchy	acknowledge_accept
rom_Roman	gov_absolute_monarchy	acknowledge_accept
rom_Roman	gov_empire	acknowledge_accept
rom_Barbarian	gov_absolute_monarchy	acknowledge_cancel_client_state
rom_Barbarian	gov_empire	acknowledge_cancel_client_state
rom_Eastern	gov_absolute_monarchy	acknowledge_cancel_client_state
rom_Eastern	gov_empire	acknowledge_cancel_client_state
rom_Hellenistic	gov_absolute_monarchy	acknowledge_cancel_client_state
rom_Roman	gov_absolute_monarchy	acknowledge_cancel_client_state
rom_Roman	gov_empire	acknowledge_cancel_client_state
rom_Barbarian	gov_absolute_monarchy	acknowledge_cancel_defensive_alliance
rom_Barbarian	gov_empire	acknowledge_cancel_defensive_alliance
rom_Eastern	gov_absolute_monarchy	acknowledge_cancel_defensive_alliance
rom_Eastern	gov_empire	acknowledge_cancel_defensive_alliance
rom_Hellenistic	gov_absolute_monarchy	acknowledge_cancel_defensive_alliance
rom_Roman	gov_absolute_monarchy	acknowledge_cancel_defensive_alliance
rom_Roman	gov_empire	acknowledge_cancel_defensive_alliance
rom_Barbarian	gov_absolute_monarchy	acknowledge_cancel_military_alliance
rom_Barbarian	gov_empire	acknowledge_cancel_military_alliance
rom_Eastern	gov_absolute_monarchy	acknowledge_cancel_military_alliance
rom_Eastern	gov_empire	acknowledge_cancel_military_alliance
rom_Hellenistic	gov_absolute_monarchy	acknowledge_cancel_military_alliance
rom_Roman	gov_absolute_monarchy	acknowledge_cancel_military_alliance
rom_Roman	gov_empire	acknowledge_cancel_military_alliance
rom_Barbarian	gov_absolute_monarchy	acknowledge_cancel_non_aggression_pact
rom_Barbarian	gov_empire	acknowledge_cancel_non_aggression_pact
rom_Eastern	gov_absolute_monarchy	acknowledge_cancel_non_aggression_pact
rom_Eastern	gov_empire	acknowledge_cancel_non_aggression_pact
rom_Hellenistic	gov_absolute_monarchy	acknowledge_cancel_non_aggression_pact
rom_Roman	gov_absolute_monarchy	acknowledge_cancel_non_aggression_pact
rom_Roman	gov_empire	acknowledge_cancel_non_aggression_pact
rom_Barbarian	gov_absolute_monarchy	acknowledge_cancel_soft_military_access
rom_Barbarian	gov_empire	acknowledge_cancel_soft_military_access
rom_Eastern	gov_absolute_monarchy	acknowledge_cancel_soft_military_access
rom_Eastern	gov_empire	acknowledge_cancel_soft_military_access
rom_Hellenistic	gov_absolute_monarchy	acknowledge_cancel_soft_military_access
rom_Roman	gov_absolute_monarchy	acknowledge_cancel_soft_military_access
rom_Roman	gov_empire	acknowledge_cancel_soft_military_access
rom_Barbarian	gov_absolute_monarchy	acknowledge_cancel_trade
rom_Barbarian	gov_empire	acknowledge_cancel_trade
rom_Eastern	gov_absolute_monarchy	acknowledge_cancel_trade
rom_Eastern	gov_empire	acknowledge_cancel_trade
rom_Hellenistic	gov_absolute_monarchy	acknowledge_cancel_trade
rom_Roman	gov_absolute_monarchy	acknowledge_cancel_trade
rom_Roman	gov_empire	acknowledge_cancel_trade
rom_Barbarian	gov_absolute_monarchy	acknowledge_cancel_vassal
rom_Barbarian	gov_empire	acknowledge_cancel_vassal
rom_Eastern	gov_absolute_monarchy	acknowledge_cancel_vassal
rom_Eastern	gov_empire	acknowledge_cancel_vassal
rom_Hellenistic	gov_absolute_monarchy	acknowledge_cancel_vassal
rom_Roman	gov_absolute_monarchy	acknowledge_cancel_vassal
rom_Roman	gov_empire	acknowledge_cancel_vassal
rom_Barbarian	gov_absolute_monarchy	acknowledge_client_state
rom_Barbarian	gov_empire	acknowledge_client_state
rom_Eastern	gov_absolute_monarchy	acknowledge_client_state
rom_Eastern	gov_empire	acknowledge_client_state
rom_Hellenistic	gov_absolute_monarchy	acknowledge_client_state
rom_Roman	gov_absolute_monarchy	acknowledge_client_state
rom_Roman	gov_empire	acknowledge_client_state
rom_Barbarian	gov_absolute_monarchy	acknowledge_counter_accept
rom_Barbarian	gov_empire	acknowledge_counter_accept
rom_Eastern	gov_absolute_monarchy	acknowledge_counter_accept
rom_Eastern	gov_empire	acknowledge_counter_accept
rom_Hellenistic	gov_absolute_monarchy	acknowledge_counter_accept
rom_Roman	gov_absolute_monarchy	acknowledge_counter_accept
rom_Roman	gov_empire	acknowledge_counter_accept
rom_Barbarian	gov_absolute_monarchy	acknowledge_counter_reject
rom_Barbarian	gov_empire	acknowledge_counter_reject
rom_Eastern	gov_absolute_monarchy	acknowledge_counter_reject
rom_Eastern	gov_empire	acknowledge_counter_reject
rom_Hellenistic	gov_absolute_monarchy	acknowledge_counter_reject
rom_Roman	gov_absolute_monarchy	acknowledge_counter_reject
rom_Roman	gov_empire	acknowledge_counter_reject
rom_Barbarian	gov_absolute_monarchy	acknowledge_hostage
rom_Barbarian	gov_empire	acknowledge_hostage
rom_Eastern	gov_absolute_monarchy	acknowledge_hostage
rom_Eastern	gov_empire	acknowledge_hostage
rom_Hellenistic	gov_absolute_monarchy	acknowledge_hostage
rom_Roman	gov_absolute_monarchy	acknowledge_hostage
rom_Roman	gov_empire	acknowledge_hostage
rom_Barbarian	gov_absolute_monarchy	acknowledge_marriage
rom_Barbarian	gov_empire	acknowledge_marriage
rom_Eastern	gov_absolute_monarchy	acknowledge_marriage
rom_Eastern	gov_empire	acknowledge_marriage
rom_Hellenistic	gov_absolute_monarchy	acknowledge_marriage
rom_Roman	gov_absolute_monarchy	acknowledge_marriage
rom_Roman	gov_empire	acknowledge_marriage
rom_Barbarian	gov_absolute_monarchy	acknowledge_reject
rom_Barbarian	gov_empire	acknowledge_reject
rom_Eastern	gov_absolute_monarchy	acknowledge_reject
rom_Eastern	gov_empire	acknowledge_reject
rom_Hellenistic	gov_absolute_monarchy	acknowledge_reject
rom_Roman	gov_absolute_monarchy	acknowledge_reject
rom_Roman	gov_empire	acknowledge_reject
rom_Barbarian	gov_absolute_monarchy	acknowledge_state_gift
rom_Barbarian	gov_empire	acknowledge_state_gift
rom_Eastern	gov_absolute_monarchy	acknowledge_state_gift
rom_Eastern	gov_empire	acknowledge_state_gift
rom_Hellenistic	gov_absolute_monarchy	acknowledge_state_gift
rom_Roman	gov_absolute_monarchy	acknowledge_state_gift
rom_Roman	gov_empire	acknowledge_state_gift
rom_Barbarian	gov_absolute_monarchy	acknowledge_vassal
rom_Barbarian	gov_empire	acknowledge_vassal
rom_Eastern	gov_absolute_monarchy	acknowledge_vassal
rom_Eastern	gov_empire	acknowledge_vassal
rom_Hellenistic	gov_absolute_monarchy	acknowledge_vassal
rom_Roman	gov_absolute_monarchy	acknowledge_vassal
rom_Roman	gov_empire	acknowledge_vassal
rom_Barbarian	gov_absolute_monarchy	acknowledge_war
rom_Barbarian	gov_empire	acknowledge_war
rom_Eastern	gov_absolute_monarchy	acknowledge_war
rom_Eastern	gov_empire	acknowledge_war
rom_Hellenistic	gov_absolute_monarchy	acknowledge_war
rom_Roman	gov_absolute_monarchy	acknowledge_war
rom_Roman	gov_empire	acknowledge_war
rom_Barbarian	gov_absolute_monarchy	approach
rom_Barbarian	gov_empire	approach
rom_Eastern	gov_absolute_monarchy	approach
rom_Eastern	gov_empire	approach
rom_Hellenistic	gov_absolute_monarchy	approach
rom_Roman	gov_absolute_monarchy	approach
rom_Roman	gov_empire	approach
rom_Barbarian	gov_absolute_monarchy	cancel_client_state
rom_Barbarian	gov_empire	cancel_client_state
rom_Eastern	gov_absolute_monarchy	cancel_client_state
rom_Eastern	gov_empire	cancel_client_state
rom_Hellenistic	gov_absolute_monarchy	cancel_client_state
rom_Roman	gov_absolute_monarchy	cancel_client_state
rom_Roman	gov_empire	cancel_client_state
rom_Barbarian	gov_absolute_monarchy	cancel_defensive_alliance
rom_Barbarian	gov_empire	cancel_defensive_alliance
rom_Eastern	gov_absolute_monarchy	cancel_defensive_alliance
rom_Eastern	gov_empire	cancel_defensive_alliance
rom_Hellenistic	gov_absolute_monarchy	cancel_defensive_alliance
rom_Roman	gov_absolute_monarchy	cancel_defensive_alliance
rom_Roman	gov_empire	cancel_defensive_alliance
rom_Barbarian	gov_absolute_monarchy	cancel_military_alliance
rom_Barbarian	gov_empire	cancel_military_alliance
rom_Eastern	gov_absolute_monarchy	cancel_military_alliance
rom_Eastern	gov_empire	cancel_military_alliance
rom_Hellenistic	gov_absolute_monarchy	cancel_military_alliance
rom_Roman	gov_absolute_monarchy	cancel_military_alliance
rom_Roman	gov_empire	cancel_military_alliance
rom_Barbarian	gov_absolute_monarchy	cancel_non_aggression_pact
rom_Barbarian	gov_empire	cancel_non_aggression_pact
rom_Eastern	gov_absolute_monarchy	cancel_non_aggression_pact
rom_Eastern	gov_empire	cancel_non_aggression_pact
rom_Hellenistic	gov_absolute_monarchy	cancel_non_aggression_pact
rom_Roman	gov_absolute_monarchy	cancel_non_aggression_pact
rom_Roman	gov_empire	cancel_non_aggression_pact
rom_Barbarian	gov_absolute_monarchy	cancel_soft_military_access
rom_Barbarian	gov_empire	cancel_soft_military_access
rom_Eastern	gov_absolute_monarchy	cancel_soft_military_access
rom_Eastern	gov_empire	cancel_soft_military_access
rom_Hellenistic	gov_absolute_monarchy	cancel_soft_military_access
rom_Roman	gov_absolute_monarchy	cancel_soft_military_access
rom_Roman	gov_empire	cancel_soft_military_access
rom_Barbarian	gov_absolute_monarchy	cancel_trade
rom_Barbarian	gov_empire	cancel_trade
rom_Eastern	gov_absolute_monarchy	cancel_trade
rom_Eastern	gov_empire	cancel_trade
rom_Hellenistic	gov_absolute_monarchy	cancel_trade
rom_Roman	gov_absolute_monarchy	cancel_trade
rom_Roman	gov_empire	cancel_trade
rom_Barbarian	gov_absolute_monarchy	cancel_vassal
rom_Barbarian	gov_empire	cancel_vassal
rom_Eastern	gov_absolute_monarchy	cancel_vassal
rom_Eastern	gov_empire	cancel_vassal
rom_Hellenistic	gov_absolute_monarchy	cancel_vassal
rom_Roman	gov_absolute_monarchy	cancel_vassal
rom_Roman	gov_empire	cancel_vassal
rom_Barbarian	gov_absolute_monarchy	counter_accept
rom_Barbarian	gov_empire	counter_accept
rom_Eastern	gov_absolute_monarchy	counter_accept
rom_Eastern	gov_empire	counter_accept
rom_Hellenistic	gov_absolute_monarchy	counter_accept
rom_Roman	gov_absolute_monarchy	counter_accept
rom_Roman	gov_empire	counter_accept
rom_Barbarian	gov_absolute_monarchy	counter_reject
rom_Barbarian	gov_empire	counter_reject
rom_Eastern	gov_absolute_monarchy	counter_reject
rom_Eastern	gov_empire	counter_reject
rom_Hellenistic	gov_absolute_monarchy	counter_reject
rom_Roman	gov_absolute_monarchy	counter_reject
rom_Roman	gov_empire	counter_reject
rom_Barbarian	gov_absolute_monarchy	demand_break_client_state
rom_Barbarian	gov_empire	demand_break_client_state
rom_Eastern	gov_absolute_monarchy	demand_break_client_state
rom_Eastern	gov_empire	demand_break_client_state
rom_Hellenistic	gov_absolute_monarchy	demand_break_client_state
rom_Roman	gov_absolute_monarchy	demand_break_client_state
rom_Roman	gov_empire	demand_break_client_state
rom_Barbarian	gov_absolute_monarchy	demand_break_defensive_alliance
rom_Barbarian	gov_empire	demand_break_defensive_alliance
rom_Eastern	gov_absolute_monarchy	demand_break_defensive_alliance
rom_Eastern	gov_empire	demand_break_defensive_alliance
rom_Hellenistic	gov_absolute_monarchy	demand_break_defensive_alliance
rom_Roman	gov_absolute_monarchy	demand_break_defensive_alliance
rom_Roman	gov_empire	demand_break_defensive_alliance
rom_Barbarian	gov_absolute_monarchy	demand_break_military_alliance
rom_Barbarian	gov_empire	demand_break_military_alliance
rom_Eastern	gov_absolute_monarchy	demand_break_military_alliance
rom_Eastern	gov_empire	demand_break_military_alliance
rom_Hellenistic	gov_absolute_monarchy	demand_break_military_alliance
rom_Roman	gov_absolute_monarchy	demand_break_military_alliance
rom_Roman	gov_empire	demand_break_military_alliance
rom_Barbarian	gov_absolute_monarchy	demand_break_non_aggression_pact
rom_Barbarian	gov_empire	demand_break_non_aggression_pact
rom_Eastern	gov_absolute_monarchy	demand_break_non_aggression_pact
rom_Eastern	gov_empire	demand_break_non_aggression_pact
rom_Hellenistic	gov_absolute_monarchy	demand_break_non_aggression_pact
rom_Roman	gov_absolute_monarchy	demand_break_non_aggression_pact
rom_Roman	gov_empire	demand_break_non_aggression_pact
rom_Barbarian	gov_absolute_monarchy	demand_break_soft_military_access
rom_Barbarian	gov_empire	demand_break_soft_military_access
rom_Eastern	gov_absolute_monarchy	demand_break_soft_military_access
rom_Eastern	gov_empire	demand_break_soft_military_access
rom_Hellenistic	gov_absolute_monarchy	demand_break_soft_military_access
rom_Roman	gov_absolute_monarchy	demand_break_soft_military_access
rom_Roman	gov_empire	demand_break_soft_military_access
rom_Barbarian	gov_absolute_monarchy	demand_break_trade_agreement
rom_Barbarian	gov_empire	demand_break_trade_agreement
rom_Eastern	gov_absolute_monarchy	demand_break_trade_agreement
rom_Eastern	gov_empire	demand_break_trade_agreement
rom_Hellenistic	gov_absolute_monarchy	demand_break_trade_agreement
rom_Roman	gov_absolute_monarchy	demand_break_trade_agreement
rom_Roman	gov_empire	demand_break_trade_agreement
rom_Barbarian	gov_absolute_monarchy	demand_break_vassal
rom_Barbarian	gov_empire	demand_break_vassal
rom_Eastern	gov_absolute_monarchy	demand_break_vassal
rom_Eastern	gov_empire	demand_break_vassal
rom_Hellenistic	gov_absolute_monarchy	demand_break_vassal
rom_Roman	gov_absolute_monarchy	demand_break_vassal
rom_Roman	gov_empire	demand_break_vassal
rom_Barbarian	gov_absolute_monarchy	demand_client_state
rom_Barbarian	gov_empire	demand_client_state
rom_Eastern	gov_absolute_monarchy	demand_client_state
rom_Eastern	gov_empire	demand_client_state
rom_Hellenistic	gov_absolute_monarchy	demand_client_state
rom_Roman	gov_absolute_monarchy	demand_client_state
rom_Roman	gov_empire	demand_client_state
rom_Barbarian	gov_absolute_monarchy	demand_confederation
rom_Barbarian	gov_empire	demand_confederation
rom_Eastern	gov_absolute_monarchy	demand_confederation
rom_Eastern	gov_empire	demand_confederation
rom_Hellenistic	gov_absolute_monarchy	demand_confederation
rom_Roman	gov_absolute_monarchy	demand_confederation
rom_Roman	gov_empire	demand_confederation
rom_Barbarian	gov_absolute_monarchy	demand_hostage
rom_Barbarian	gov_empire	demand_hostage
rom_Eastern	gov_absolute_monarchy	demand_hostage
rom_Eastern	gov_empire	demand_hostage
rom_Hellenistic	gov_absolute_monarchy	demand_hostage
rom_Roman	gov_absolute_monarchy	demand_hostage
rom_Roman	gov_empire	demand_hostage
rom_Barbarian	gov_absolute_monarchy	demand_join_war
rom_Barbarian	gov_empire	demand_join_war
rom_Eastern	gov_absolute_monarchy	demand_join_war
rom_Eastern	gov_empire	demand_join_war
rom_Hellenistic	gov_absolute_monarchy	demand_join_war
rom_Roman	gov_absolute_monarchy	demand_join_war
rom_Roman	gov_empire	demand_join_war
rom_Barbarian	gov_absolute_monarchy	demand_regions
rom_Barbarian	gov_empire	demand_regions
rom_Eastern	gov_absolute_monarchy	demand_regions
rom_Eastern	gov_empire	demand_regions
rom_Hellenistic	gov_absolute_monarchy	demand_regions
rom_Roman	gov_absolute_monarchy	demand_regions
rom_Roman	gov_empire	demand_regions
rom_Barbarian	gov_absolute_monarchy	demand_regular_payment
rom_Barbarian	gov_empire	demand_regular_payment
rom_Eastern	gov_absolute_monarchy	demand_regular_payment
rom_Eastern	gov_empire	demand_regular_payment
rom_Hellenistic	gov_absolute_monarchy	demand_regular_payment
rom_Roman	gov_absolute_monarchy	demand_regular_payment
rom_Roman	gov_empire	demand_regular_payment
rom_Barbarian	gov_absolute_monarchy	demand_single_payment
rom_Barbarian	gov_empire	demand_single_payment
rom_Eastern	gov_absolute_monarchy	demand_single_payment
rom_Eastern	gov_empire	demand_single_payment
rom_Hellenistic	gov_absolute_monarchy	demand_single_payment
rom_Roman	gov_absolute_monarchy	demand_single_payment
rom_Roman	gov_empire	demand_single_payment
rom_Barbarian	gov_absolute_monarchy	demand_soft_military_access
rom_Barbarian	gov_empire	demand_soft_military_access
rom_Eastern	gov_absolute_monarchy	demand_soft_military_access
rom_Eastern	gov_empire	demand_soft_military_access
rom_Hellenistic	gov_absolute_monarchy	demand_soft_military_access
rom_Roman	gov_absolute_monarchy	demand_soft_military_access
rom_Roman	gov_empire	demand_soft_military_access
rom_Barbarian	gov_absolute_monarchy	demand_state_gift_regular_payment
rom_Barbarian	gov_empire	demand_state_gift_regular_payment
rom_Eastern	gov_absolute_monarchy	demand_state_gift_regular_payment
rom_Eastern	gov_empire	demand_state_gift_regular_payment
rom_Hellenistic	gov_absolute_monarchy	demand_state_gift_regular_payment
rom_Roman	gov_absolute_monarchy	demand_state_gift_regular_payment
rom_Roman	gov_empire	demand_state_gift_regular_payment
rom_Barbarian	gov_absolute_monarchy	demand_state_gift_single_payment
rom_Barbarian	gov_empire	demand_state_gift_single_payment
rom_Eastern	gov_absolute_monarchy	demand_state_gift_single_payment
rom_Eastern	gov_empire	demand_state_gift_single_payment
rom_Hellenistic	gov_absolute_monarchy	demand_state_gift_single_payment
rom_Roman	gov_absolute_monarchy	demand_state_gift_single_payment
rom_Roman	gov_empire	demand_state_gift_single_payment
rom_Barbarian	gov_absolute_monarchy	demand_technology
rom_Barbarian	gov_empire	demand_technology
rom_Eastern	gov_absolute_monarchy	demand_technology
rom_Eastern	gov_empire	demand_technology
rom_Hellenistic	gov_absolute_monarchy	demand_technology
rom_Roman	gov_absolute_monarchy	demand_technology
rom_Roman	gov_empire	demand_technology
rom_Barbarian	gov_absolute_monarchy	demand_vassal
rom_Barbarian	gov_empire	demand_vassal
rom_Eastern	gov_absolute_monarchy	demand_vassal
rom_Eastern	gov_empire	demand_vassal
rom_Hellenistic	gov_absolute_monarchy	demand_vassal
rom_Roman	gov_absolute_monarchy	demand_vassal
rom_Roman	gov_empire	demand_vassal
rom_Barbarian	gov_absolute_monarchy	generic_offer_demand
rom_Barbarian	gov_empire	generic_offer_demand
rom_Eastern	gov_absolute_monarchy	generic_offer_demand
rom_Eastern	gov_empire	generic_offer_demand
rom_Hellenistic	gov_absolute_monarchy	generic_offer_demand
rom_Roman	gov_absolute_monarchy	generic_offer_demand
rom_Roman	gov_empire	generic_offer_demand
rom_Barbarian	gov_absolute_monarchy	generic_reject
rom_Barbarian	gov_empire	generic_reject
rom_Eastern	gov_absolute_monarchy	generic_reject
rom_Eastern	gov_empire	generic_reject
rom_Hellenistic	gov_absolute_monarchy	generic_reject
rom_Roman	gov_absolute_monarchy	generic_reject
rom_Roman	gov_empire	generic_reject
rom_Barbarian	gov_absolute_monarchy	offer_demand_defensive_alliance
rom_Barbarian	gov_empire	offer_demand_defensive_alliance
rom_Eastern	gov_absolute_monarchy	offer_demand_defensive_alliance
rom_Eastern	gov_empire	offer_demand_defensive_alliance
rom_Hellenistic	gov_absolute_monarchy	offer_demand_defensive_alliance
rom_Roman	gov_absolute_monarchy	offer_demand_defensive_alliance
rom_Roman	gov_empire	offer_demand_defensive_alliance
rom_Barbarian	gov_absolute_monarchy	offer_demand_military_alliance
rom_Barbarian	gov_empire	offer_demand_military_alliance
rom_Eastern	gov_absolute_monarchy	offer_demand_military_alliance
rom_Eastern	gov_empire	offer_demand_military_alliance
rom_Hellenistic	gov_absolute_monarchy	offer_demand_military_alliance
rom_Roman	gov_absolute_monarchy	offer_demand_military_alliance
rom_Roman	gov_empire	offer_demand_military_alliance
rom_Barbarian	gov_absolute_monarchy	offer_demand_non_aggression_pact
rom_Barbarian	gov_empire	offer_demand_non_aggression_pact
rom_Eastern	gov_absolute_monarchy	offer_demand_non_aggression_pact
rom_Eastern	gov_empire	offer_demand_non_aggression_pact
rom_Hellenistic	gov_absolute_monarchy	offer_demand_non_aggression_pact
rom_Roman	gov_absolute_monarchy	offer_demand_non_aggression_pact
rom_Roman	gov_empire	offer_demand_non_aggression_pact
rom_Barbarian	gov_absolute_monarchy	offer_demand_peace
rom_Barbarian	gov_empire	offer_demand_peace
rom_Eastern	gov_absolute_monarchy	offer_demand_peace
rom_Eastern	gov_empire	offer_demand_peace
rom_Hellenistic	gov_absolute_monarchy	offer_demand_peace
rom_Roman	gov_absolute_monarchy	offer_demand_peace
rom_Roman	gov_empire	offer_demand_peace
rom_Barbarian	gov_absolute_monarchy	offer_demand_trade
rom_Barbarian	gov_empire	offer_demand_trade
rom_Eastern	gov_absolute_monarchy	offer_demand_trade
rom_Eastern	gov_empire	offer_demand_trade
rom_Hellenistic	gov_absolute_monarchy	offer_demand_trade
rom_Roman	gov_absolute_monarchy	offer_demand_trade
rom_Roman	gov_empire	offer_demand_trade
rom_Barbarian	gov_absolute_monarchy	offer_join_war
rom_Barbarian	gov_empire	offer_join_war
rom_Eastern	gov_absolute_monarchy	offer_join_war
rom_Eastern	gov_empire	offer_join_war
rom_Hellenistic	gov_absolute_monarchy	offer_join_war
rom_Roman	gov_absolute_monarchy	offer_join_war
rom_Roman	gov_empire	offer_join_war
rom_Barbarian	gov_absolute_monarchy	offer_marriage
rom_Barbarian	gov_empire	offer_marriage
rom_Eastern	gov_absolute_monarchy	offer_marriage
rom_Eastern	gov_empire	offer_marriage
rom_Hellenistic	gov_absolute_monarchy	offer_marriage
rom_Roman	gov_absolute_monarchy	offer_marriage
rom_Roman	gov_empire	offer_marriage
rom_Barbarian	gov_absolute_monarchy	offer_regions
rom_Barbarian	gov_empire	offer_regions
rom_Eastern	gov_absolute_monarchy	offer_regions
rom_Eastern	gov_empire	offer_regions
rom_Hellenistic	gov_absolute_monarchy	offer_regions
rom_Roman	gov_absolute_monarchy	offer_regions
rom_Roman	gov_empire	offer_regions
rom_Barbarian	gov_absolute_monarchy	offer_regular_payment
rom_Barbarian	gov_empire	offer_regular_payment
rom_Eastern	gov_absolute_monarchy	offer_regular_payment
rom_Eastern	gov_empire	offer_regular_payment
rom_Hellenistic	gov_absolute_monarchy	offer_regular_payment
rom_Roman	gov_absolute_monarchy	offer_regular_payment
rom_Roman	gov_empire	offer_regular_payment
rom_Barbarian	gov_absolute_monarchy	offer_single_payment
rom_Barbarian	gov_empire	offer_single_payment
rom_Eastern	gov_absolute_monarchy	offer_single_payment
rom_Eastern	gov_empire	offer_single_payment
rom_Hellenistic	gov_absolute_monarchy	offer_single_payment
rom_Roman	gov_absolute_monarchy	offer_single_payment
rom_Roman	gov_empire	offer_single_payment
rom_Barbarian	gov_absolute_monarchy	offer_state_gift_regular_payment
rom_Barbarian	gov_empire	offer_state_gift_regular_payment
rom_Eastern	gov_absolute_monarchy	offer_state_gift_regular_payment
rom_Eastern	gov_empire	offer_state_gift_regular_payment
rom_Hellenistic	gov_absolute_monarchy	offer_state_gift_regular_payment
rom_Roman	gov_absolute_monarchy	offer_state_gift_regular_payment
rom_Roman	gov_empire	offer_state_gift_regular_payment
rom_Barbarian	gov_absolute_monarchy	offer_state_gift_single_payment
rom_Barbarian	gov_empire	offer_state_gift_single_payment
rom_Eastern	gov_absolute_monarchy	offer_state_gift_single_payment
rom_Eastern	gov_empire	offer_state_gift_single_payment
rom_Hellenistic	gov_absolute_monarchy	offer_state_gift_single_payment
rom_Roman	gov_absolute_monarchy	offer_state_gift_single_payment
rom_Roman	gov_empire	offer_state_gift_single_payment
rom_Barbarian	gov_absolute_monarchy	offer_technology
rom_Barbarian	gov_empire	offer_technology
rom_Eastern	gov_absolute_monarchy	offer_technology
rom_Eastern	gov_empire	offer_technology
rom_Hellenistic	gov_absolute_monarchy	offer_technology
rom_Roman	gov_absolute_monarchy	offer_technology
rom_Roman	gov_empire	offer_technology
rom_Barbarian	gov_absolute_monarchy	receive
rom_Barbarian	gov_empire	receive
rom_Eastern	gov_absolute_monarchy	receive
rom_Eastern	gov_empire	receive
rom_Hellenistic	gov_absolute_monarchy	receive
rom_Roman	gov_absolute_monarchy	receive
rom_Roman	gov_empire	receive
rom_Barbarian	gov_absolute_monarchy	reject_demand_client_state
rom_Barbarian	gov_empire	reject_demand_client_state
rom_Eastern	gov_absolute_monarchy	reject_demand_client_state
rom_Eastern	gov_empire	reject_demand_client_state
rom_Hellenistic	gov_absolute_monarchy	reject_demand_client_state
rom_Roman	gov_absolute_monarchy	reject_demand_client_state
rom_Roman	gov_empire	reject_demand_client_state
rom_Barbarian	gov_absolute_monarchy	reject_demand_confederation
rom_Barbarian	gov_empire	reject_demand_confederation
rom_Eastern	gov_absolute_monarchy	reject_demand_confederation
rom_Eastern	gov_empire	reject_demand_confederation
rom_Hellenistic	gov_absolute_monarchy	reject_demand_confederation
rom_Roman	gov_absolute_monarchy	reject_demand_confederation
rom_Roman	gov_empire	reject_demand_confederation
rom_Barbarian	gov_absolute_monarchy	reject_demand_hostage
rom_Barbarian	gov_empire	reject_demand_hostage
rom_Eastern	gov_absolute_monarchy	reject_demand_hostage
rom_Eastern	gov_empire	reject_demand_hostage
rom_Hellenistic	gov_absolute_monarchy	reject_demand_hostage
rom_Roman	gov_absolute_monarchy	reject_demand_hostage
rom_Roman	gov_empire	reject_demand_hostage
rom_Barbarian	gov_absolute_monarchy	reject_demand_join_war
rom_Barbarian	gov_empire	reject_demand_join_war
rom_Eastern	gov_absolute_monarchy	reject_demand_join_war
rom_Eastern	gov_empire	reject_demand_join_war
rom_Hellenistic	gov_absolute_monarchy	reject_demand_join_war
rom_Roman	gov_absolute_monarchy	reject_demand_join_war
rom_Roman	gov_empire	reject_demand_join_war
rom_Barbarian	gov_absolute_monarchy	reject_demand_marriage
rom_Barbarian	gov_empire	reject_demand_marriage
rom_Eastern	gov_absolute_monarchy	reject_demand_marriage
rom_Eastern	gov_empire	reject_demand_marriage
rom_Hellenistic	gov_absolute_monarchy	reject_demand_marriage
rom_Roman	gov_absolute_monarchy	reject_demand_marriage
rom_Roman	gov_empire	reject_demand_marriage
rom_Barbarian	gov_absolute_monarchy	reject_demand_regions
rom_Barbarian	gov_empire	reject_demand_regions
rom_Eastern	gov_absolute_monarchy	reject_demand_regions
rom_Eastern	gov_empire	reject_demand_regions
rom_Hellenistic	gov_absolute_monarchy	reject_demand_regions
rom_Roman	gov_absolute_monarchy	reject_demand_regions
rom_Roman	gov_empire	reject_demand_regions
rom_Barbarian	gov_absolute_monarchy	reject_demand_regular_payment
rom_Barbarian	gov_empire	reject_demand_regular_payment
rom_Eastern	gov_absolute_monarchy	reject_demand_regular_payment
rom_Eastern	gov_empire	reject_demand_regular_payment
rom_Hellenistic	gov_absolute_monarchy	reject_demand_regular_payment
rom_Roman	gov_absolute_monarchy	reject_demand_regular_payment
rom_Roman	gov_empire	reject_demand_regular_payment
rom_Barbarian	gov_absolute_monarchy	reject_demand_single_payment
rom_Barbarian	gov_empire	reject_demand_single_payment
rom_Eastern	gov_absolute_monarchy	reject_demand_single_payment
rom_Eastern	gov_empire	reject_demand_single_payment
rom_Hellenistic	gov_absolute_monarchy	reject_demand_single_payment
rom_Roman	gov_absolute_monarchy	reject_demand_single_payment
rom_Roman	gov_empire	reject_demand_single_payment
rom_Barbarian	gov_absolute_monarchy	reject_demand_soft_military_access
rom_Barbarian	gov_empire	reject_demand_soft_military_access
rom_Eastern	gov_absolute_monarchy	reject_demand_soft_military_access
rom_Eastern	gov_empire	reject_demand_soft_military_access
rom_Hellenistic	gov_absolute_monarchy	reject_demand_soft_military_access
rom_Roman	gov_absolute_monarchy	reject_demand_soft_military_access
rom_Roman	gov_empire	reject_demand_soft_military_access
rom_Barbarian	gov_absolute_monarchy	reject_demand_state_gift_regular_payment
rom_Barbarian	gov_empire	reject_demand_state_gift_regular_payment
rom_Eastern	gov_absolute_monarchy	reject_demand_state_gift_regular_payment
rom_Eastern	gov_empire	reject_demand_state_gift_regular_payment
rom_Hellenistic	gov_absolute_monarchy	reject_demand_state_gift_regular_payment
rom_Roman	gov_absolute_monarchy	reject_demand_state_gift_regular_payment
rom_Roman	gov_empire	reject_demand_state_gift_regular_payment
rom_Barbarian	gov_absolute_monarchy	reject_demand_state_gift_single_payment
rom_Barbarian	gov_empire	reject_demand_state_gift_single_payment
rom_Eastern	gov_absolute_monarchy	reject_demand_state_gift_single_payment
rom_Eastern	gov_empire	reject_demand_state_gift_single_payment
rom_Hellenistic	gov_absolute_monarchy	reject_demand_state_gift_single_payment
rom_Roman	gov_absolute_monarchy	reject_demand_state_gift_single_payment
rom_Roman	gov_empire	reject_demand_state_gift_single_payment
rom_Barbarian	gov_absolute_monarchy	reject_demand_technology
rom_Barbarian	gov_empire	reject_demand_technology
rom_Eastern	gov_absolute_monarchy	reject_demand_technology
rom_Eastern	gov_empire	reject_demand_technology
rom_Hellenistic	gov_absolute_monarchy	reject_demand_technology
rom_Roman	gov_absolute_monarchy	reject_demand_technology
rom_Roman	gov_empire	reject_demand_technology
rom_Barbarian	gov_absolute_monarchy	reject_demand_vassal
rom_Barbarian	gov_empire	reject_demand_vassal
rom_Eastern	gov_absolute_monarchy	reject_demand_vassal
rom_Eastern	gov_empire	reject_demand_vassal
rom_Hellenistic	gov_absolute_monarchy	reject_demand_vassal
rom_Roman	gov_absolute_monarchy	reject_demand_vassal
rom_Roman	gov_empire	reject_demand_vassal
rom_Barbarian	gov_absolute_monarchy	reject_offer_demand_defensive_alliance
rom_Barbarian	gov_empire	reject_offer_demand_defensive_alliance
rom_Eastern	gov_absolute_monarchy	reject_offer_demand_defensive_alliance
rom_Eastern	gov_empire	reject_offer_demand_defensive_alliance
rom_Hellenistic	gov_absolute_monarchy	reject_offer_demand_defensive_alliance
rom_Roman	gov_absolute_monarchy	reject_offer_demand_defensive_alliance
rom_Roman	gov_empire	reject_offer_demand_defensive_alliance
rom_Barbarian	gov_absolute_monarchy	reject_offer_demand_military_alliance
rom_Barbarian	gov_empire	reject_offer_demand_military_alliance
rom_Eastern	gov_absolute_monarchy	reject_offer_demand_military_alliance
rom_Eastern	gov_empire	reject_offer_demand_military_alliance
rom_Hellenistic	gov_absolute_monarchy	reject_offer_demand_military_alliance
rom_Roman	gov_absolute_monarchy	reject_offer_demand_military_alliance
rom_Roman	gov_empire	reject_offer_demand_military_alliance
rom_Barbarian	gov_absolute_monarchy	reject_offer_demand_non_aggression_pact
rom_Barbarian	gov_empire	reject_offer_demand_non_aggression_pact
rom_Eastern	gov_absolute_monarchy	reject_offer_demand_non_aggression_pact
rom_Eastern	gov_empire	reject_offer_demand_non_aggression_pact
rom_Hellenistic	gov_absolute_monarchy	reject_offer_demand_non_aggression_pact
rom_Roman	gov_absolute_monarchy	reject_offer_demand_non_aggression_pact
rom_Roman	gov_empire	reject_offer_demand_non_aggression_pact
rom_Barbarian	gov_absolute_monarchy	reject_offer_demand_peace
rom_Barbarian	gov_empire	reject_offer_demand_peace
rom_Eastern	gov_absolute_monarchy	reject_offer_demand_peace
rom_Eastern	gov_empire	reject_offer_demand_peace
rom_Hellenistic	gov_absolute_monarchy	reject_offer_demand_peace
rom_Roman	gov_absolute_monarchy	reject_offer_demand_peace
rom_Roman	gov_empire	reject_offer_demand_peace
rom_Barbarian	gov_absolute_monarchy	reject_offer_demand_trade
rom_Barbarian	gov_empire	reject_offer_demand_trade
rom_Eastern	gov_absolute_monarchy	reject_offer_demand_trade
rom_Eastern	gov_empire	reject_offer_demand_trade
rom_Hellenistic	gov_absolute_monarchy	reject_offer_demand_trade
rom_Roman	gov_absolute_monarchy	reject_offer_demand_trade
rom_Roman	gov_empire	reject_offer_demand_trade
rom_Barbarian	gov_absolute_monarchy	reject_offer_hostage
rom_Barbarian	gov_empire	reject_offer_hostage
rom_Eastern	gov_absolute_monarchy	reject_offer_hostage
rom_Eastern	gov_empire	reject_offer_hostage
rom_Hellenistic	gov_absolute_monarchy	reject_offer_hostage
rom_Roman	gov_absolute_monarchy	reject_offer_hostage
rom_Roman	gov_empire	reject_offer_hostage
rom_Barbarian	gov_absolute_monarchy	reject_offer_marriage
rom_Barbarian	gov_empire	reject_offer_marriage
rom_Eastern	gov_absolute_monarchy	reject_offer_marriage
rom_Eastern	gov_empire	reject_offer_marriage
rom_Hellenistic	gov_absolute_monarchy	reject_offer_marriage
rom_Roman	gov_absolute_monarchy	reject_offer_marriage
rom_Roman	gov_empire	reject_offer_marriage
rom_Barbarian	gov_absolute_monarchy	reject_offer_regions
rom_Barbarian	gov_empire	reject_offer_regions
rom_Eastern	gov_absolute_monarchy	reject_offer_regions
rom_Eastern	gov_empire	reject_offer_regions
rom_Hellenistic	gov_absolute_monarchy	reject_offer_regions
rom_Roman	gov_absolute_monarchy	reject_offer_regions
rom_Roman	gov_empire	reject_offer_regions
rom_Barbarian	gov_absolute_monarchy	reject_offer_regular_payment
rom_Barbarian	gov_empire	reject_offer_regular_payment
rom_Eastern	gov_absolute_monarchy	reject_offer_regular_payment
rom_Eastern	gov_empire	reject_offer_regular_payment
rom_Hellenistic	gov_absolute_monarchy	reject_offer_regular_payment
rom_Roman	gov_absolute_monarchy	reject_offer_regular_payment
rom_Roman	gov_empire	reject_offer_regular_payment
rom_Barbarian	gov_absolute_monarchy	reject_offer_single_payment
rom_Barbarian	gov_empire	reject_offer_single_payment
rom_Eastern	gov_absolute_monarchy	reject_offer_single_payment
rom_Eastern	gov_empire	reject_offer_single_payment
rom_Hellenistic	gov_absolute_monarchy	reject_offer_single_payment
rom_Roman	gov_absolute_monarchy	reject_offer_single_payment
rom_Roman	gov_empire	reject_offer_single_payment
rom_Barbarian	gov_absolute_monarchy	reject_offer_state_gift_regular_payment
rom_Barbarian	gov_empire	reject_offer_state_gift_regular_payment
rom_Eastern	gov_absolute_monarchy	reject_offer_state_gift_regular_payment
rom_Eastern	gov_empire	reject_offer_state_gift_regular_payment
rom_Hellenistic	gov_absolute_monarchy	reject_offer_state_gift_regular_payment
rom_Roman	gov_absolute_monarchy	reject_offer_state_gift_regular_payment
rom_Roman	gov_empire	reject_offer_state_gift_regular_payment
rom_Barbarian	gov_absolute_monarchy	reject_offer_state_gift_single_payment
rom_Barbarian	gov_empire	reject_offer_state_gift_single_payment
rom_Eastern	gov_absolute_monarchy	reject_offer_state_gift_single_payment
rom_Eastern	gov_empire	reject_offer_state_gift_single_payment
rom_Hellenistic	gov_absolute_monarchy	reject_offer_state_gift_single_payment
rom_Roman	gov_absolute_monarchy	reject_offer_state_gift_single_payment
rom_Roman	gov_empire	reject_offer_state_gift_single_payment
rom_Barbarian	gov_absolute_monarchy	state_gift
rom_Barbarian	gov_empire	state_gift
rom_Eastern	gov_absolute_monarchy	state_gift
rom_Eastern	gov_empire	state_gift
rom_Hellenistic	gov_absolute_monarchy	state_gift
rom_Roman	gov_absolute_monarchy	state_gift
rom_Roman	gov_empire	state_gift
rom_Barbarian	gov_absolute_monarchy	too_many_counters
rom_Barbarian	gov_empire	too_many_counters
rom_Eastern	gov_absolute_monarchy	too_many_counters
rom_Eastern	gov_empire	too_many_counters
rom_Hellenistic	gov_absolute_monarchy	too_many_counters
rom_Roman	gov_absolute_monarchy	too_many_counters
rom_Roman	gov_empire	too_many_counters
rom_Barbarian	gov_absolute_monarchy	war
rom_Barbarian	gov_empire	war
rom_Eastern	gov_absolute_monarchy	war
rom_Eastern	gov_empire	war
rom_Hellenistic	gov_absolute_monarchy	war
rom_Roman	gov_absolute_monarchy	war
rom_Roman	gov_empire	war
