choice_key	dilemma_key	incident_key
#cdir_events_dilemma_incidents_tables;0;db/cdir_events_dilemma_incidents_tables/cdir_events_dilemma_incidents		
FIRST	3c_Faction_Leader_Aurelian_1	3c_Faction_Leader_Aurelian_1_i_A
FOURTH	3c_Faction_Leader_Aurelian_1	3c_Faction_Leader_Aurelian_1_i_D
SECOND	3c_Faction_Leader_Aurelian_1	3c_Faction_Leader_Aurelian_1_i_B
THIRD	3c_Faction_Leader_Aurelian_1	3c_Faction_Leader_Aurelian_1_i_C
FIRST	3c_Faction_Leader_Aurelian_2	3c_Faction_Leader_Aurelian_2_i_A
FOURTH	3c_Faction_Leader_Aurelian_2	3c_Faction_Leader_Aurelian_2_i_D
SECOND	3c_Faction_Leader_Aurelian_2	3c_Faction_Leader_Aurelian_2_i_B
THIRD	3c_Faction_Leader_Aurelian_2	3c_Faction_Leader_Aurelian_2_i_C
FIRST	3c_Faction_Leader_Aurelian_3	3c_Faction_Leader_Aurelian_3_i_A
FOURTH	3c_Faction_Leader_Aurelian_3	3c_Faction_Leader_Aurelian_3_i_D
SECOND	3c_Faction_Leader_Aurelian_3	3c_Faction_Leader_Aurelian_3_i_B
THIRD	3c_Faction_Leader_Aurelian_3	3c_Faction_Leader_Aurelian_3_i_C
FIRST	3c_Faction_Leader_Aurelian_4	3c_Faction_Leader_Aurelian_4_i_A
FOURTH	3c_Faction_Leader_Aurelian_4	3c_Faction_Leader_Aurelian_4_i_D
SECOND	3c_Faction_Leader_Aurelian_4	3c_Faction_Leader_Aurelian_4_i_B
THIRD	3c_Faction_Leader_Aurelian_4	3c_Faction_Leader_Aurelian_4_i_C
FIRST	3c_Faction_Leader_Cannabaudes_1	3c_Faction_Leader_Cannabaudes_1_i_A
FOURTH	3c_Faction_Leader_Cannabaudes_1	3c_Faction_Leader_Cannabaudes_1_i_D
SECOND	3c_Faction_Leader_Cannabaudes_1	3c_Faction_Leader_Cannabaudes_1_i_B
THIRD	3c_Faction_Leader_Cannabaudes_1	3c_Faction_Leader_Cannabaudes_1_i_C
FIRST	3c_Faction_Leader_Cannabaudes_2	3c_Faction_Leader_Cannabaudes_2_i_A
FOURTH	3c_Faction_Leader_Cannabaudes_2	3c_Faction_Leader_Cannabaudes_2_i_D
SECOND	3c_Faction_Leader_Cannabaudes_2	3c_Faction_Leader_Cannabaudes_2_i_B
THIRD	3c_Faction_Leader_Cannabaudes_2	3c_Faction_Leader_Cannabaudes_2_i_C
FIRST	3c_Faction_Leader_Cannabaudes_3	3c_Faction_Leader_Cannabaudes_3_i_A
FOURTH	3c_Faction_Leader_Cannabaudes_3	3c_Faction_Leader_Cannabaudes_3_i_D
SECOND	3c_Faction_Leader_Cannabaudes_3	3c_Faction_Leader_Cannabaudes_3_i_B
THIRD	3c_Faction_Leader_Cannabaudes_3	3c_Faction_Leader_Cannabaudes_3_i_C
FIRST	3c_Faction_Leader_Cannabaudes_4	3c_Faction_Leader_Cannabaudes_4_i_A
FOURTH	3c_Faction_Leader_Cannabaudes_4	3c_Faction_Leader_Cannabaudes_4_i_D
SECOND	3c_Faction_Leader_Cannabaudes_4	3c_Faction_Leader_Cannabaudes_4_i_B
THIRD	3c_Faction_Leader_Cannabaudes_4	3c_Faction_Leader_Cannabaudes_4_i_C
FIRST	3c_Faction_Leader_Hormizd_1	3c_Faction_Leader_Hormizd_1_i_A
FOURTH	3c_Faction_Leader_Hormizd_1	3c_Faction_Leader_Hormizd_1_i_D
SECOND	3c_Faction_Leader_Hormizd_1	3c_Faction_Leader_Hormizd_1_i_B
THIRD	3c_Faction_Leader_Hormizd_1	3c_Faction_Leader_Hormizd_1_i_C
FIRST	3c_Faction_Leader_Hormizd_2	3c_Faction_Leader_Hormizd_2_i_A
FOURTH	3c_Faction_Leader_Hormizd_2	3c_Faction_Leader_Hormizd_2_i_D
SECOND	3c_Faction_Leader_Hormizd_2	3c_Faction_Leader_Hormizd_2_i_B
THIRD	3c_Faction_Leader_Hormizd_2	3c_Faction_Leader_Hormizd_2_i_C
FIRST	3c_Faction_Leader_Hormizd_3	3c_Faction_Leader_Hormizd_3_i_A
FOURTH	3c_Faction_Leader_Hormizd_3	3c_Faction_Leader_Hormizd_3_i_D
SECOND	3c_Faction_Leader_Hormizd_3	3c_Faction_Leader_Hormizd_3_i_B
THIRD	3c_Faction_Leader_Hormizd_3	3c_Faction_Leader_Hormizd_3_i_C
FIRST	3c_Faction_Leader_Hormizd_4	3c_Faction_Leader_Hormizd_4_i_A
FOURTH	3c_Faction_Leader_Hormizd_4	3c_Faction_Leader_Hormizd_4_i_D
SECOND	3c_Faction_Leader_Hormizd_4	3c_Faction_Leader_Hormizd_4_i_B
THIRD	3c_Faction_Leader_Hormizd_4	3c_Faction_Leader_Hormizd_4_i_C
FIRST	3c_Faction_Leader_Tetricus_1	3c_Faction_Leader_Tetricus_1_i_A
FOURTH	3c_Faction_Leader_Tetricus_1	3c_Faction_Leader_Tetricus_1_i_D
SECOND	3c_Faction_Leader_Tetricus_1	3c_Faction_Leader_Tetricus_1_i_B
THIRD	3c_Faction_Leader_Tetricus_1	3c_Faction_Leader_Tetricus_1_i_C
FIRST	3c_Faction_Leader_Tetricus_2	3c_Faction_Leader_Tetricus_2_i_A
FOURTH	3c_Faction_Leader_Tetricus_2	3c_Faction_Leader_Tetricus_2_i_D
SECOND	3c_Faction_Leader_Tetricus_2	3c_Faction_Leader_Tetricus_2_i_B
THIRD	3c_Faction_Leader_Tetricus_2	3c_Faction_Leader_Tetricus_2_i_C
FIRST	3c_Faction_Leader_Tetricus_3	3c_Faction_Leader_Tetricus_3_i_A
FOURTH	3c_Faction_Leader_Tetricus_3	3c_Faction_Leader_Tetricus_3_i_D
SECOND	3c_Faction_Leader_Tetricus_3	3c_Faction_Leader_Tetricus_3_i_B
THIRD	3c_Faction_Leader_Tetricus_3	3c_Faction_Leader_Tetricus_3_i_C
FIRST	3c_Faction_Leader_Tetricus_4	3c_Faction_Leader_Tetricus_4_i_A
FOURTH	3c_Faction_Leader_Tetricus_4	3c_Faction_Leader_Tetricus_4_i_D
SECOND	3c_Faction_Leader_Tetricus_4	3c_Faction_Leader_Tetricus_4_i_B
THIRD	3c_Faction_Leader_Tetricus_4	3c_Faction_Leader_Tetricus_4_i_C
FIRST	3c_Faction_Leader_Zenobia_1	3c_Faction_Leader_Zenobia_1_i_A
FOURTH	3c_Faction_Leader_Zenobia_1	3c_Faction_Leader_Zenobia_1_i_D
SECOND	3c_Faction_Leader_Zenobia_1	3c_Faction_Leader_Zenobia_1_i_B
THIRD	3c_Faction_Leader_Zenobia_1	3c_Faction_Leader_Zenobia_1_i_C
FIRST	3c_Faction_Leader_Zenobia_2	3c_Faction_Leader_Zenobia_2_i_A
FOURTH	3c_Faction_Leader_Zenobia_2	3c_Faction_Leader_Zenobia_2_i_D
SECOND	3c_Faction_Leader_Zenobia_2	3c_Faction_Leader_Zenobia_2_i_B
THIRD	3c_Faction_Leader_Zenobia_2	3c_Faction_Leader_Zenobia_2_i_C
FIRST	3c_Faction_Leader_Zenobia_3	3c_Faction_Leader_Zenobia_3_i_A
FOURTH	3c_Faction_Leader_Zenobia_3	3c_Faction_Leader_Zenobia_3_i_D
SECOND	3c_Faction_Leader_Zenobia_3	3c_Faction_Leader_Zenobia_3_i_B
THIRD	3c_Faction_Leader_Zenobia_3	3c_Faction_Leader_Zenobia_3_i_C
FIRST	3c_Faction_Leader_Zenobia_4	3c_Faction_Leader_Zenobia_4_i_A
FOURTH	3c_Faction_Leader_Zenobia_4	3c_Faction_Leader_Zenobia_4_i_D
SECOND	3c_Faction_Leader_Zenobia_4	3c_Faction_Leader_Zenobia_4_i_B
THIRD	3c_Faction_Leader_Zenobia_4	3c_Faction_Leader_Zenobia_4_i_C
FIRST	3c_alani_mystic_dreams	3c_alani_mystic_dreams_i_A
FOURTH	3c_alani_mystic_dreams	3c_alani_mystic_dreams_i_D
SECOND	3c_alani_mystic_dreams	3c_alani_mystic_dreams_i_B
THIRD	3c_alani_mystic_dreams	3c_alani_mystic_dreams_i_C
FIRST	3c_alani_smoke_visions	3c_alani_smoke_visions_i_A
FOURTH	3c_alani_smoke_visions	3c_alani_smoke_visions_i_D
SECOND	3c_alani_smoke_visions	3c_alani_smoke_visions_i_B
THIRD	3c_alani_smoke_visions	3c_alani_smoke_visions_i_C
FIRST	3c_barb_ships_at_the_port	3c_ships_at_the_port_i_A
FOURTH	3c_barb_ships_at_the_port	3c_ships_at_the_port_i_D
SECOND	3c_barb_ships_at_the_port	3c_ships_at_the_port_i_B
THIRD	3c_barb_ships_at_the_port	3c_ships_at_the_port_i_C
FIRST	3c_caledoni_druidic_order	3c_caledoni_druidic_order_i_A
FOURTH	3c_caledoni_druidic_order	3c_caledoni_druidic_order_i_D
SECOND	3c_caledoni_druidic_order	3c_caledoni_druidic_order_i_B
THIRD	3c_caledoni_druidic_order	3c_caledoni_druidic_order_i_C
FIRST	3c_east_ardashir_testament	3c_east_ardashir_testament_i_A
FOURTH	3c_east_ardashir_testament	3c_east_ardashir_testament_i_D
SECOND	3c_east_ardashir_testament	3c_east_ardashir_testament_i_B
THIRD	3c_east_ardashir_testament	3c_east_ardashir_testament_i_C
FIRST	3c_east_magi_council	3c_east_magi_council_i_A
FOURTH	3c_east_magi_council	3c_east_magi_council_i_D
SECOND	3c_east_magi_council	3c_east_magi_council_i_B
THIRD	3c_east_magi_council	3c_east_magi_council_i_C
FIRST	3c_east_royal_crown	3c_east_royal_crown_i_A
FOURTH	3c_east_royal_crown	3c_east_royal_crown_i_D
SECOND	3c_east_royal_crown	3c_east_royal_crown_i_B
THIRD	3c_east_royal_crown	3c_east_royal_crown_i_C
FIRST	3c_east_sassanian_sculptor	3c_east_sassanian_sculptor_i_A
FOURTH	3c_east_sassanian_sculptor	3c_east_sassanian_sculptor_i_D
SECOND	3c_east_sassanian_sculptor	3c_east_sassanian_sculptor_i_B
THIRD	3c_east_sassanian_sculptor	3c_east_sassanian_sculptor_i_C
FIRST	3c_east_ships_at_the_port	3c_ships_at_the_port_i_A
FOURTH	3c_east_ships_at_the_port	3c_ships_at_the_port_i_D
SECOND	3c_east_ships_at_the_port	3c_ships_at_the_port_i_B
THIRD	3c_east_ships_at_the_port	3c_ships_at_the_port_i_C
FIRST	3c_gothi_casting_the_lots	3c_gothi_casting_the_lots_i_A
FIRST	3c_gothi_casting_the_lots	3c_gothi_casting_the_lots_i_A_fail
FOURTH	3c_gothi_casting_the_lots	3c_gothi_casting_the_lots_i_D
FOURTH	3c_gothi_casting_the_lots	3c_gothi_casting_the_lots_i_D_fail
SECOND	3c_gothi_casting_the_lots	3c_gothi_casting_the_lots_i_B
SECOND	3c_gothi_casting_the_lots	3c_gothi_casting_the_lots_i_B_fail
THIRD	3c_gothi_casting_the_lots	3c_gothi_casting_the_lots_i_C
THIRD	3c_gothi_casting_the_lots	3c_gothi_casting_the_lots_i_C_fail
FIRST	3c_rat_infestation	3c_rat_infestation_i_A
FOURTH	3c_rat_infestation	3c_rat_infestation_i_D
SECOND	3c_rat_infestation	3c_rat_infestation_i_B
THIRD	3c_rat_infestation	3c_rat_infestation_i_C
FIRST	3c_rom_Sibylline_Books	3c_rom_Sibylline_Books_i_A1
FIRST	3c_rom_Sibylline_Books	3c_rom_Sibylline_Books_i_A2
FIRST	3c_rom_Sibylline_Books	3c_rom_Sibylline_Books_i_A3
FOURTH	3c_rom_Sibylline_Books	3c_rom_Sibylline_Books_i_D1
FOURTH	3c_rom_Sibylline_Books	3c_rom_Sibylline_Books_i_D2
FOURTH	3c_rom_Sibylline_Books	3c_rom_Sibylline_Books_i_D3
SECOND	3c_rom_Sibylline_Books	3c_rom_Sibylline_Books_i_B1
SECOND	3c_rom_Sibylline_Books	3c_rom_Sibylline_Books_i_B2
SECOND	3c_rom_Sibylline_Books	3c_rom_Sibylline_Books_i_B3
THIRD	3c_rom_Sibylline_Books	3c_rom_Sibylline_Books_i_C1
THIRD	3c_rom_Sibylline_Books	3c_rom_Sibylline_Books_i_C2
THIRD	3c_rom_Sibylline_Books	3c_rom_Sibylline_Books_i_C3
FOURTH	3c_rom_Sibylline_Books_A1	3c_rom_Sibylline_Books_i_Burned
FOURTH	3c_rom_Sibylline_Books_A2	3c_rom_Sibylline_Books_i_Burned
FOURTH	3c_rom_Sibylline_Books_A3	3c_rom_Sibylline_Books_i_Burned
FOURTH	3c_rom_Sibylline_Books_B1	3c_rom_Sibylline_Books_i_Burned
FOURTH	3c_rom_Sibylline_Books_B2	3c_rom_Sibylline_Books_i_Burned
FOURTH	3c_rom_Sibylline_Books_B3	3c_rom_Sibylline_Books_i_Burned
FOURTH	3c_rom_Sibylline_Books_C1	3c_rom_Sibylline_Books_i_Burned
FOURTH	3c_rom_Sibylline_Books_C2	3c_rom_Sibylline_Books_i_Burned
FOURTH	3c_rom_Sibylline_Books_C3	3c_rom_Sibylline_Books_i_Burned
FOURTH	3c_rom_Sibylline_Books_D1	3c_rom_Sibylline_Books_i_Burned
FOURTH	3c_rom_Sibylline_Books_D2	3c_rom_Sibylline_Books_i_Burned
FOURTH	3c_rom_Sibylline_Books_D3	3c_rom_Sibylline_Books_i_Burned
FIRST	3c_rom_ships_at_the_port	3c_ships_at_the_port_i_A
FOURTH	3c_rom_ships_at_the_port	3c_ships_at_the_port_i_D
SECOND	3c_rom_ships_at_the_port	3c_ships_at_the_port_i_B
THIRD	3c_rom_ships_at_the_port	3c_ships_at_the_port_i_C
FIRST	3c_rome_stolen_eagle	3c_rom_stolen_eagle_i_A
FOURTH	3c_rome_stolen_eagle	3c_rom_stolen_eagle_i_D
SECOND	3c_rome_stolen_eagle	3c_rom_stolen_eagle_i_B
THIRD	3c_rome_stolen_eagle	3c_rom_stolen_eagle_i_C
FIRST	barb_hostile_dispute	barb_hostile_dispute_A
FOURTH	barb_hostile_dispute	barb_hostile_dispute_D
SECOND	barb_hostile_dispute	barb_hostile_dispute_B
THIRD	barb_hostile_dispute	barb_hostile_dispute_C
FIRST	barb_hostile_governor	barb_hostile_governor_A
FOURTH	barb_hostile_governor	barb_hostile_governor_D
SECOND	barb_hostile_governor	barb_hostile_governor_B
THIRD	barb_hostile_governor	barb_hostile_governor_C
FIRST	barb_my_sword	barb_my_sword_A
SECOND	barb_my_sword	barb_my_sword_B
THIRD	barb_my_sword	barb_my_sword_C
FIRST	barb_secret_meetings	barb_secret_meetings_A
FOURTH	barb_secret_meetings	barb_secret_meetings_D
SECOND	barb_secret_meetings	barb_secret_meetings_B
THIRD	barb_secret_meetings	barb_secret_meetings_C
FIRST	barb_trading_enemy	barb_trading_enemy_A
SECOND	barb_trading_enemy	barb_trading_enemy_B
FIRST	barb_tribal_loyalty	barb_tribal_loyalty_A
FOURTH	barb_tribal_loyalty	barb_tribal_loyalty_D
SECOND	barb_tribal_loyalty	barb_tribal_loyalty_B
THIRD	barb_tribal_loyalty	barb_tribal_loyalty_C
FIRST	barb_young_challenger	barb_young_challenger_A
FOURTH	barb_young_challenger	barb_young_challenger_D
SECOND	barb_young_challenger	barb_young_challenger_B
THIRD	barb_young_challenger	barb_young_challenger_C
THIRD	dilemma_civilised_rampant_piracy	incident_piracy
FIRST	dilemma_roman_grand_tour	incident_greco_roman_description_of_greece
SECOND	dilemma_roman_grand_tour	incident_greco_roman_description_of_asia
THIRD	dilemma_roman_grand_tour	incident_greco_roman_description_of_egypt
FIRST	dk_business_venture	dk_business_venture_A1
FIRST	dk_business_venture	dk_business_venture_A2
SECOND	dk_business_venture	dk_business_venture_B1
SECOND	dk_business_venture	dk_business_venture_B2
THIRD	dk_business_venture	dk_business_venture_C
FIRST	dk_camel_disease	dk_camel_disease_A
SECOND	dk_camel_disease	dk_camel_disease_B
THIRD	dk_camel_disease	dk_camel_disease_C
FIRST	dk_dig	dk_dig_A1
FIRST	dk_dig	dk_dig_A2
SECOND	dk_dig	dk_dig_B
FIRST	dk_glorious_past	dk_glorious_past_A
SECOND	dk_glorious_past	dk_glorious_past_B
THIRD	dk_glorious_past	dk_glorious_past_C
FIRST	dk_kush_nile	dk_kush_nile_A_B_normal
FIRST	dk_kush_nile	dk_kush_nile_A_draught
FIRST	dk_kush_nile	dk_kush_nile_A_flood
SECOND	dk_kush_nile	dk_kush_nile_A_B_normal
SECOND	dk_kush_nile	dk_kush_nile_B_draught
SECOND	dk_kush_nile	dk_kush_nile_B_flood
FIRST	dk_kush_priests_suicide	dk_kush_priests_suicide_A
SECOND	dk_kush_priests_suicide	dk_kush_priests_suicide_B
FIRST	dk_locusts	dk_locusts_A
SECOND	dk_locusts	dk_locusts_B
FIRST	dk_lost_caravan	dk_lost_caravan_A
FIRST	dk_mercernaries	dk_mercernaries_A
SECOND	dk_mercernaries	dk_mercernaries_B
FIRST	dk_merchants_plea	dk_merchants_plea_A
SECOND	dk_merchants_plea	dk_merchants_plea_B
THIRD	dk_merchants_plea	dk_merchants_plea_C
FIRST	dk_monster	dk_monster_A
FOURTH	dk_monster	dk_monster_D
SECOND	dk_monster	dk_monster_B
THIRD	dk_monster	dk_monster_C
FIRST	dk_numidia_dreams	dk_numidia_dreams_A
FOURTH	dk_numidia_dreams	dk_numidia_dreams_D
SECOND	dk_numidia_dreams	dk_numidia_dreams_B
THIRD	dk_numidia_dreams	dk_numidia_dreams_C
FIRST	dk_numidia_raid	dk_numidia_raid_A1
FIRST	dk_numidia_raid	dk_numidia_raid_A2
SECOND	dk_numidia_raid	dk_numidia_raid_B1
SECOND	dk_numidia_raid	dk_numidia_raid_B2
FIRST	dk_sand_storm	dk_sand_storm_A
SECOND	dk_sand_storm	dk_sand_storm_B
FIRST	dk_slavers_ship	dk_slavers_ship_A
SECOND	dk_slavers_ship	dk_slavers_ship_B
THIRD	dk_slavers_ship	dk_slavers_ship_C
FIRST	dk_survivors	dk_survivors_A
FOURTH	dk_survivors	dk_survivors_D
SECOND	dk_survivors	dk_survivors_B
THIRD	dk_survivors	dk_survivors_C
FIRST	dk_suspicious_merchant	dk_suspicious_merchant_A1
FIRST	dk_suspicious_merchant	dk_suspicious_merchant_A2
SECOND	dk_suspicious_merchant	dk_suspicious_merchant_B
FIRST	dk_unhappy_workers	dk_unhappy_workers_A
SECOND	dk_unhappy_workers	dk_unhappy_workers_B
FIRST	eas_agrarian_agitator	eas_agrarian_agitator_A
FOURTH	eas_agrarian_agitator	eas_agrarian_agitator_D
SECOND	eas_agrarian_agitator	eas_agrarian_agitator_B
THIRD	eas_agrarian_agitator	eas_agrarian_agitator_C
FIRST	eas_hostile_dispute	eas_hostile_dispute_A
FOURTH	eas_hostile_dispute	eas_hostile_dispute_D
SECOND	eas_hostile_dispute	eas_hostile_dispute_B
THIRD	eas_hostile_dispute	eas_hostile_dispute_C
FIRST	eas_hostile_governor	eas_hostile_governor_A
FOURTH	eas_hostile_governor	eas_hostile_governor_D
SECOND	eas_hostile_governor	eas_hostile_governor_B
THIRD	eas_hostile_governor	eas_hostile_governor_C
FIRST	eas_secret_meetings	eas_secret_meetings_A
FOURTH	eas_secret_meetings	eas_secret_meetings_D
SECOND	eas_secret_meetings	eas_secret_meetings_B
THIRD	eas_secret_meetings	eas_secret_meetings_C
FIRST	eas_temple_sacrilege	eas_temple_sacrilege_A
FOURTH	eas_temple_sacrilege	eas_temple_sacrilege_D
SECOND	eas_temple_sacrilege	eas_temple_sacrilege_B
THIRD	eas_temple_sacrilege	eas_temple_sacrilege_C
FIRST	eas_young_challenger	eas_young_challenger_A
FOURTH	eas_young_challenger	eas_young_challenger_D
SECOND	eas_young_challenger	eas_young_challenger_B
THIRD	eas_young_challenger	eas_young_challenger_C
FIRST	gre_agrarian_agitator	gre_agrarian_agitator_A
FOURTH	gre_agrarian_agitator	gre_agrarian_agitator_D
SECOND	gre_agrarian_agitator	gre_agrarian_agitator_B
THIRD	gre_agrarian_agitator	gre_agrarian_agitator_C
FIRST	gre_hostile_dispute	gre_hostile_dispute_A
FOURTH	gre_hostile_dispute	gre_hostile_dispute_D
SECOND	gre_hostile_dispute	gre_hostile_dispute_B
THIRD	gre_hostile_dispute	gre_hostile_dispute_C
FIRST	gre_hostile_governor	gre_hostile_governor_A
FOURTH	gre_hostile_governor	gre_hostile_governor_D
SECOND	gre_hostile_governor	gre_hostile_governor_B
THIRD	gre_hostile_governor	gre_hostile_governor_C
FIRST	gre_secret_meetings	gre_secret_meetings_A
FOURTH	gre_secret_meetings	gre_secret_meetings_D
SECOND	gre_secret_meetings	gre_secret_meetings_B
THIRD	gre_secret_meetings	gre_secret_meetings_C
FIRST	gre_temple_sacrilege	gre_temple_sacrilege_A
FOURTH	gre_temple_sacrilege	gre_temple_sacrilege_D
SECOND	gre_temple_sacrilege	gre_temple_sacrilege_B
THIRD	gre_temple_sacrilege	gre_temple_sacrilege_C
FIRST	gre_young_challenger	gre_young_challenger_A
FOURTH	gre_young_challenger	gre_young_challenger_D
SECOND	gre_young_challenger	gre_young_challenger_B
THIRD	gre_young_challenger	gre_young_challenger_C
FIRST	inv_colony_discovered_1	inv_colony_discovered_1
SECOND	inv_colony_discovered_1	inv_colony_searching
FIRST	inv_colony_discovered_2	inv_colony_discovered_2
SECOND	inv_colony_discovered_2	inv_colony_searching
FIRST	inv_colony_discovered_3	inv_colony_discovered_3
SECOND	inv_colony_discovered_3	inv_colony_searching
FIRST	inv_colony_discovered_4	inv_colony_discovered_4
SECOND	inv_colony_discovered_4	inv_colony_searching
FIRST	inv_colony_discovered_5	inv_colony_discovered_5
SECOND	inv_colony_discovered_5	inv_colony_searching
FIRST	inv_faction_etruscans_01	inv_faction_etruscans_01_A
FOURTH	inv_faction_etruscans_01	inv_faction_etruscans_01_D
SECOND	inv_faction_etruscans_01	inv_faction_etruscans_01_B
THIRD	inv_faction_etruscans_01	inv_faction_etruscans_01_C
FIRST	inv_faction_etruscans_02	inv_faction_etruscans_02_A
FOURTH	inv_faction_etruscans_02	inv_faction_etruscans_02_D
SECOND	inv_faction_etruscans_02	inv_faction_etruscans_02_B
THIRD	inv_faction_etruscans_02	inv_faction_etruscans_02_C
FIRST	inv_faction_etruscans_03	inv_faction_etruscans_03_A
SECOND	inv_faction_etruscans_03	inv_faction_etruscans_03_B
THIRD	inv_faction_etruscans_03	inv_faction_etruscans_03_C
FIRST	inv_faction_etruscans_04	inv_faction_etruscans_04_A
FOURTH	inv_faction_etruscans_04	inv_faction_etruscans_04_D
SECOND	inv_faction_etruscans_04	inv_faction_etruscans_04_B
THIRD	inv_faction_etruscans_04	inv_faction_etruscans_04_C
FIRST	inv_faction_greek_01	inv_faction_greek_01_A1
FIRST	inv_faction_greek_01	inv_faction_greek_01_A2
SECOND	inv_faction_greek_01	inv_faction_greek_01_B1
SECOND	inv_faction_greek_01	inv_faction_greek_01_B2
FIRST	inv_faction_greek_02	inv_faction_greek_02_A1
FIRST	inv_faction_greek_02	inv_faction_greek_02_A2
SECOND	inv_faction_greek_02	inv_faction_greek_02_B1
SECOND	inv_faction_greek_02	inv_faction_greek_02_B2
THIRD	inv_faction_greek_02	inv_faction_greek_02_C1
THIRD	inv_faction_greek_02	inv_faction_greek_02_C2
FIRST	inv_faction_greek_03	inv_faction_greek_03_A1
FIRST	inv_faction_greek_03	inv_faction_greek_03_A2
SECOND	inv_faction_greek_03	inv_faction_greek_03_B1
SECOND	inv_faction_greek_03	inv_faction_greek_03_B2
FIRST	inv_faction_greek_04	inv_faction_greek_04_A1
FIRST	inv_faction_greek_04	inv_faction_greek_04_A2
SECOND	inv_faction_greek_04	inv_faction_greek_04_B1
SECOND	inv_faction_greek_04	inv_faction_greek_04_B2
FIRST	inv_faction_greek_05	inv_faction_greek_05_A1
FIRST	inv_faction_greek_05	inv_faction_greek_05_A2
SECOND	inv_faction_greek_05	inv_faction_greek_05_B1
SECOND	inv_faction_greek_05	inv_faction_greek_05_B2
FIRST	inv_faction_iolei_02	inv_faction_iolei_02_A
FOURTH	inv_faction_iolei_02	inv_faction_iolei_02_D
SECOND	inv_faction_iolei_02	inv_faction_iolei_02_B
THIRD	inv_faction_iolei_02	inv_faction_iolei_02_C
FIRST	inv_faction_iolei_03	inv_faction_iolei_03_A1
FIRST	inv_faction_iolei_03	inv_faction_iolei_03_A2
FOURTH	inv_faction_iolei_03	inv_faction_iolei_03_D1
FOURTH	inv_faction_iolei_03	inv_faction_iolei_03_D2
SECOND	inv_faction_iolei_03	inv_faction_iolei_03_B
THIRD	inv_faction_iolei_03	inv_faction_iolei_03_C
FIRST	inv_faction_samnite_01	inv_faction_samnite_01_A
FOURTH	inv_faction_samnite_01	inv_faction_samnite_01_D
SECOND	inv_faction_samnite_01	inv_faction_samnite_01_B
THIRD	inv_faction_samnite_01	inv_faction_samnite_01_C
FIRST	inv_faction_samnite_02	inv_faction_samnite_02_A
FOURTH	inv_faction_samnite_02	inv_faction_samnite_02_D
SECOND	inv_faction_samnite_02	inv_faction_samnite_02_B
THIRD	inv_faction_samnite_02	inv_faction_samnite_02_C
FIRST	inv_faction_samnite_03	inv_faction_samnite_03_A
FOURTH	inv_faction_samnite_03	inv_faction_samnite_03_D
SECOND	inv_faction_samnite_03	inv_faction_samnite_03_B
THIRD	inv_faction_samnite_03	inv_faction_samnite_03_C
FIRST	inv_faction_samnite_04	inv_faction_samnite_04_A
SECOND	inv_faction_samnite_04	inv_faction_samnite_04_B
FIRST	inv_faction_seno_insub_01	inv_faction_seno_insub_01_A
FOURTH	inv_faction_seno_insub_01	inv_faction_seno_insub_01_D
SECOND	inv_faction_seno_insub_01	inv_faction_seno_insub_01_B
THIRD	inv_faction_seno_insub_01	inv_faction_seno_insub_01_C
FIRST	inv_faction_seno_insub_02	inv_faction_seno_insub_02_A
SECOND	inv_faction_seno_insub_02	inv_faction_seno_insub_02_B
FIRST	inv_faction_seno_insub_03	inv_faction_seno_insub_03_A
SECOND	inv_faction_seno_insub_03	inv_faction_seno_insub_03_B
FIRST	inv_faction_seno_insub_04	inv_faction_seno_insub_04_A1
FIRST	inv_faction_seno_insub_04	inv_faction_seno_insub_04_A2
FIRST	inv_faction_seno_insub_04	inv_faction_seno_insub_04_A3
FIRST	inv_faction_seno_insub_04	inv_faction_seno_insub_04_A4
FOURTH	inv_faction_seno_insub_04	inv_faction_seno_insub_04_D
SECOND	inv_faction_seno_insub_04	inv_faction_seno_insub_04_B1
SECOND	inv_faction_seno_insub_04	inv_faction_seno_insub_04_B2
SECOND	inv_faction_seno_insub_04	inv_faction_seno_insub_04_B3
SECOND	inv_faction_seno_insub_04	inv_faction_seno_insub_04_B4
SECOND	inv_faction_seno_insub_04	inv_faction_seno_insub_04_B5
THIRD	inv_faction_seno_insub_04	inv_faction_seno_insub_04_C1
THIRD	inv_faction_seno_insub_04	inv_faction_seno_insub_04_C2
THIRD	inv_faction_seno_insub_04	inv_faction_seno_insub_04_C3
THIRD	inv_faction_seno_insub_04	inv_faction_seno_insub_04_C4
THIRD	inv_faction_seno_insub_04	inv_faction_seno_insub_04_C5
FIRST	inv_faction_seno_insub_05	inv_faction_seno_insub_05_A
SECOND	inv_faction_seno_insub_05	inv_faction_seno_insub_05_B
FIRST	inv_faction_seno_insub_06	inv_faction_seno_insub_06_A
SECOND	inv_faction_seno_insub_06	inv_faction_seno_insub_06_B
FIRST	inv_faction_veneti_01	inv_faction_veneti_01_A
FOURTH	inv_faction_veneti_01	inv_faction_veneti_01_D
SECOND	inv_faction_veneti_01	inv_faction_veneti_01_B
THIRD	inv_faction_veneti_01	inv_faction_veneti_01_C
FIRST	inv_faction_veneti_02	inv_faction_veneti_02_A
FOURTH	inv_faction_veneti_02	inv_faction_veneti_02_D
SECOND	inv_faction_veneti_02	inv_faction_veneti_02_B
THIRD	inv_faction_veneti_02	inv_faction_veneti_02_C
FIRST	inv_faction_veneti_03	inv_faction_veneti_03_A1
FIRST	inv_faction_veneti_03	inv_faction_veneti_03_A2
FIRST	inv_faction_veneti_03	inv_faction_veneti_03_A3
FIRST	inv_faction_veneti_03	inv_faction_veneti_03_A4
FIRST	inv_faction_veneti_03	inv_faction_veneti_03_A5
SECOND	inv_faction_veneti_03	inv_faction_veneti_03_B1
SECOND	inv_faction_veneti_03	inv_faction_veneti_03_B2
FIRST	inv_faction_veneti_04	inv_faction_veneti_04_A
FOURTH	inv_faction_veneti_04	inv_faction_veneti_04_D1
FOURTH	inv_faction_veneti_04	inv_faction_veneti_04_D2
SECOND	inv_faction_veneti_04	inv_faction_veneti_04_B1
SECOND	inv_faction_veneti_04	inv_faction_veneti_04_B2
THIRD	inv_faction_veneti_04	inv_faction_veneti_04_C1
THIRD	inv_faction_veneti_04	inv_faction_veneti_04_C2
FIRST	inv_faction_veneti_05	inv_faction_veneti_05_A
FOURTH	inv_faction_veneti_05	inv_faction_veneti_05_D
SECOND	inv_faction_veneti_05	inv_faction_veneti_05_B
THIRD	inv_faction_veneti_05	inv_faction_veneti_05_C
FIRST	inv_faction_veneti_06	inv_faction_veneti_06_A
FOURTH	inv_faction_veneti_06	inv_faction_veneti_06_D
SECOND	inv_faction_veneti_06	inv_faction_veneti_06_B
THIRD	inv_faction_veneti_06	inv_faction_veneti_06_C
FIRST	inv_geographical_Carthaginian_Politician	inv_geographical_Carthaginian_Politician_A
SECOND	inv_geographical_Carthaginian_Politician	inv_geographical_Carthaginian_Politician_B
FIRST	inv_geographical_Carthaginian_Religion	inv_geographical_Carthaginian_Religion_A
SECOND	inv_geographical_Carthaginian_Religion	inv_geographical_Carthaginian_Religion_B
FIRST	inv_geographical_Carthaginian_Slaves	inv_geographical_Carthaginian_Slaves_A
FOURTH	inv_geographical_Carthaginian_Slaves	inv_geographical_Carthaginian_Slaves_D
SECOND	inv_geographical_Carthaginian_Slaves	inv_geographical_Carthaginian_Slaves_B
THIRD	inv_geographical_Carthaginian_Slaves	inv_geographical_Carthaginian_Slaves_C
FIRST	inv_geographical_Carthaginian_captain	inv_geographical_Carthaginian_captain_A
SECOND	inv_geographical_Carthaginian_captain	inv_geographical_Carthaginian_captain_B
FIRST	inv_geographical_carthage_merchant	inv_geographical_carthage_merchant_A
SECOND	inv_geographical_carthage_merchant	inv_geographical_carthage_merchant_B
FIRST	inv_geographical_massalia_cure_all	inv_geographical_massalia_cure_all_A_1
FIRST	inv_geographical_massalia_cure_all	inv_geographical_massalia_cure_all_A_2
SECOND	inv_geographical_massalia_cure_all	inv_geographical_massalia_cure_all_B_1
SECOND	inv_geographical_massalia_cure_all	inv_geographical_massalia_cure_all_B_2
THIRD	inv_geographical_massalia_cure_all	inv_geographical_massalia_cure_all_C_1
THIRD	inv_geographical_massalia_cure_all	inv_geographical_massalia_cure_all_C_2
FIRST	inv_geographical_massalia_merchants	inv_geographical_massalia_merchants_A
FOURTH	inv_geographical_massalia_merchants	inv_geographical_massalia_merchants_D
SECOND	inv_geographical_massalia_merchants	inv_geographical_massalia_merchants_B
THIRD	inv_geographical_massalia_merchants	inv_geographical_massalia_merchants_C
FIRST	inv_geographical_massalia_request	inv_geographical_massalia_request_A
SECOND	inv_geographical_massalia_request	inv_geographical_massalia_request_B
THIRD	inv_geographical_massalia_request	inv_geographical_massalia_request_C
FIRST	inv_geographical_massalia_resources	inv_geographical_massalia_resources_A_1
FIRST	inv_geographical_massalia_resources	inv_geographical_massalia_resources_A_2
FIRST	inv_geographical_massalia_resources	inv_geographical_massalia_resources_A_3
FIRST	inv_geographical_massalia_resources	inv_geographical_massalia_resources_A_4
SECOND	inv_geographical_massalia_resources	inv_geographical_massalia_resources_B
FIRST	inv_geographical_massalia_trading_rights	inv_geographical_massalia_trading_rights_A
SECOND	inv_geographical_massalia_trading_rights	inv_geographical_massalia_trading_rights_B
THIRD	inv_geographical_massalia_trading_rights	inv_geographical_massalia_trading_rights_C
FIRST	inv_homefront_01	inv_homefront_01_A
SECOND	inv_homefront_01	inv_homefront_01_B
THIRD	inv_homefront_01	inv_homefront_01_C
FIRST	inv_homefront_02	inv_homefront_02_A
SECOND	inv_homefront_02	inv_homefront_02_B
THIRD	inv_homefront_02	inv_homefront_02_C
FIRST	inv_homefront_03	inv_homefront_03_A
SECOND	inv_homefront_03	inv_homefront_03_B
THIRD	inv_homefront_03	inv_homefront_03_C
FIRST	inv_homefront_04	inv_homefront_04_A
SECOND	inv_homefront_04	inv_homefront_04_B
THIRD	inv_homefront_04	inv_homefront_04_C
FIRST	inv_homefront_05	inv_homefront_05_A
SECOND	inv_homefront_05	inv_homefront_05_B
THIRD	inv_homefront_05	inv_homefront_05_C
FIRST	inv_homefront_06	inv_homefront_06_A
SECOND	inv_homefront_06	inv_homefront_06_B
THIRD	inv_homefront_06	inv_homefront_06_C
FIRST	inv_homefront_07	inv_homefront_07_A
SECOND	inv_homefront_07	inv_homefront_07_B
THIRD	inv_homefront_07	inv_homefront_07_C
FIRST	inv_homefront_08	inv_homefront_08_A
SECOND	inv_homefront_08	inv_homefront_08_B
THIRD	inv_homefront_08	inv_homefront_08_C
FIRST	inv_homefront_09	inv_homefront_09_A
SECOND	inv_homefront_09	inv_homefront_09_B
THIRD	inv_homefront_09	inv_homefront_09_C
FIRST	inv_homefront_10	inv_homefront_10_A
SECOND	inv_homefront_10	inv_homefront_10_B
THIRD	inv_homefront_10	inv_homefront_10_C
FIRST	inv_homefront_11	inv_homefront_11_A
SECOND	inv_homefront_11	inv_homefront_11_B
THIRD	inv_homefront_11	inv_homefront_11_C
FIRST	inv_homefront_12	inv_homefront_12_A
SECOND	inv_homefront_12	inv_homefront_12_B
THIRD	inv_homefront_12	inv_homefront_12_C
FIRST	inv_plebs_01	inv_plebs_01_A1
FIRST	inv_plebs_01	inv_plebs_01_A2
FOURTH	inv_plebs_01	inv_plebs_01_D1
FOURTH	inv_plebs_01	inv_plebs_01_D2
SECOND	inv_plebs_01	inv_plebs_01_B1
SECOND	inv_plebs_01	inv_plebs_01_B2
THIRD	inv_plebs_01	inv_plebs_01_C1
THIRD	inv_plebs_01	inv_plebs_01_C2
FIRST	inv_plebs_02	inv_plebs_02_A1
FIRST	inv_plebs_02	inv_plebs_02_A2
FOURTH	inv_plebs_02	inv_plebs_02_D1
FOURTH	inv_plebs_02	inv_plebs_02_D2
SECOND	inv_plebs_02	inv_plebs_02_B1
SECOND	inv_plebs_02	inv_plebs_02_B2
THIRD	inv_plebs_02	inv_plebs_02_C1
THIRD	inv_plebs_02	inv_plebs_02_C2
FIRST	inv_plebs_03	inv_plebs_03_A1
FIRST	inv_plebs_03	inv_plebs_03_A2
FOURTH	inv_plebs_03	inv_plebs_03_D1
FOURTH	inv_plebs_03	inv_plebs_03_D2
SECOND	inv_plebs_03	inv_plebs_03_B1
SECOND	inv_plebs_03	inv_plebs_03_B2
THIRD	inv_plebs_03	inv_plebs_03_C1
THIRD	inv_plebs_03	inv_plebs_03_C2
FIRST	inv_plebs_04	inv_plebs_04_A1
FIRST	inv_plebs_04	inv_plebs_04_A2
FOURTH	inv_plebs_04	inv_plebs_04_D1
FOURTH	inv_plebs_04	inv_plebs_04_D2
SECOND	inv_plebs_04	inv_plebs_04_B1
SECOND	inv_plebs_04	inv_plebs_04_B2
THIRD	inv_plebs_04	inv_plebs_04_C1
THIRD	inv_plebs_04	inv_plebs_04_C2
FIRST	inv_plebs_05	inv_plebs_05_A1
FIRST	inv_plebs_05	inv_plebs_05_A2
FOURTH	inv_plebs_05	inv_plebs_05_D1
FOURTH	inv_plebs_05	inv_plebs_05_D2
SECOND	inv_plebs_05	inv_plebs_05_B1
SECOND	inv_plebs_05	inv_plebs_05_B2
THIRD	inv_plebs_05	inv_plebs_05_C1
THIRD	inv_plebs_05	inv_plebs_05_C2
FIRST	inv_plebs_06	inv_plebs_06_A1
FIRST	inv_plebs_06	inv_plebs_06_A2
FOURTH	inv_plebs_06	inv_plebs_06_D1
FOURTH	inv_plebs_06	inv_plebs_06_D2
SECOND	inv_plebs_06	inv_plebs_06_B1
SECOND	inv_plebs_06	inv_plebs_06_B2
THIRD	inv_plebs_06	inv_plebs_06_C1
THIRD	inv_plebs_06	inv_plebs_06_C2
FIRST	inv_plebs_07	inv_plebs_07_A1
FIRST	inv_plebs_07	inv_plebs_07_A2
FOURTH	inv_plebs_07	inv_plebs_07_D1
FOURTH	inv_plebs_07	inv_plebs_07_D2
SECOND	inv_plebs_07	inv_plebs_07_B1
SECOND	inv_plebs_07	inv_plebs_07_B2
THIRD	inv_plebs_07	inv_plebs_07_C1
THIRD	inv_plebs_07	inv_plebs_07_C2
FIRST	inv_plebs_08	inv_plebs_08_A1
FIRST	inv_plebs_08	inv_plebs_08_A2
FOURTH	inv_plebs_08	inv_plebs_08_D1
FOURTH	inv_plebs_08	inv_plebs_08_D2
SECOND	inv_plebs_08	inv_plebs_08_B1
SECOND	inv_plebs_08	inv_plebs_08_B2
THIRD	inv_plebs_08	inv_plebs_08_C1
THIRD	inv_plebs_08	inv_plebs_08_C2
FIRST	isthmian_401	isthmian_successful_games
FIRST	isthmian_401	isthmian_winner_401
FOURTH	isthmian_401	isthmian_games
FOURTH	isthmian_401	isthmian_unhappy_games
SECOND	isthmian_401	isthmian_successful_games
SECOND	isthmian_401	isthmian_unsuccessful_games
THIRD	isthmian_401	isthmian_celebratory_games
THIRD	isthmian_401	isthmian_games
THIRD	isthmian_401	isthmian_unsuccessful_games
FIRST	isthmian_403	isthmian_successful_games
FIRST	isthmian_403	isthmian_winner_403
FOURTH	isthmian_403	isthmian_games
FOURTH	isthmian_403	isthmian_unhappy_games
SECOND	isthmian_403	isthmian_successful_games
SECOND	isthmian_403	isthmian_unsuccessful_games
THIRD	isthmian_403	isthmian_celebratory_games
THIRD	isthmian_403	isthmian_games
THIRD	isthmian_403	isthmian_unsuccessful_games
FIRST	isthmian_405	isthmian_successful_games
FIRST	isthmian_405	isthmian_winner_405
FOURTH	isthmian_405	isthmian_games
FOURTH	isthmian_405	isthmian_unhappy_games
SECOND	isthmian_405	isthmian_successful_games
SECOND	isthmian_405	isthmian_unsuccessful_games
THIRD	isthmian_405	isthmian_celebratory_games
THIRD	isthmian_405	isthmian_games
THIRD	isthmian_405	isthmian_unsuccessful_games
FIRST	isthmian_407	isthmian_successful_games
FIRST	isthmian_407	isthmian_winner_407
FOURTH	isthmian_407	isthmian_games
FOURTH	isthmian_407	isthmian_unhappy_games
SECOND	isthmian_407	isthmian_successful_games
SECOND	isthmian_407	isthmian_unsuccessful_games
THIRD	isthmian_407	isthmian_celebratory_games
THIRD	isthmian_407	isthmian_games
THIRD	isthmian_407	isthmian_unsuccessful_games
FIRST	isthmian_409	isthmian_successful_games
FIRST	isthmian_409	isthmian_winner_409
FOURTH	isthmian_409	isthmian_games
FOURTH	isthmian_409	isthmian_unhappy_games
SECOND	isthmian_409	isthmian_successful_games
SECOND	isthmian_409	isthmian_unsuccessful_games
THIRD	isthmian_409	isthmian_celebratory_games
THIRD	isthmian_409	isthmian_games
THIRD	isthmian_409	isthmian_unsuccessful_games
FIRST	isthmian_411	isthmian_successful_games
FIRST	isthmian_411	isthmian_winner_411
FOURTH	isthmian_411	isthmian_games
FOURTH	isthmian_411	isthmian_unhappy_games
SECOND	isthmian_411	isthmian_successful_games
SECOND	isthmian_411	isthmian_unsuccessful_games
THIRD	isthmian_411	isthmian_celebratory_games
THIRD	isthmian_411	isthmian_games
THIRD	isthmian_411	isthmian_unsuccessful_games
FIRST	isthmian_413	isthmian_successful_games
FIRST	isthmian_413	isthmian_winner_413
FOURTH	isthmian_413	isthmian_games
FOURTH	isthmian_413	isthmian_unhappy_games
SECOND	isthmian_413	isthmian_successful_games
SECOND	isthmian_413	isthmian_unsuccessful_games
THIRD	isthmian_413	isthmian_celebratory_games
THIRD	isthmian_413	isthmian_games
THIRD	isthmian_413	isthmian_unsuccessful_games
FIRST	isthmian_415	isthmian_successful_games
FIRST	isthmian_415	isthmian_winner_415
FOURTH	isthmian_415	isthmian_games
FOURTH	isthmian_415	isthmian_unhappy_games
SECOND	isthmian_415	isthmian_successful_games
SECOND	isthmian_415	isthmian_unsuccessful_games
THIRD	isthmian_415	isthmian_celebratory_games
THIRD	isthmian_415	isthmian_games
THIRD	isthmian_415	isthmian_unsuccessful_games
FIRST	isthmian_417	isthmian_successful_games
FIRST	isthmian_417	isthmian_winner_417
FOURTH	isthmian_417	isthmian_games
FOURTH	isthmian_417	isthmian_unhappy_games
SECOND	isthmian_417	isthmian_successful_games
SECOND	isthmian_417	isthmian_unsuccessful_games
THIRD	isthmian_417	isthmian_celebratory_games
THIRD	isthmian_417	isthmian_games
THIRD	isthmian_417	isthmian_unsuccessful_games
FIRST	isthmian_419	isthmian_successful_games
FIRST	isthmian_419	isthmian_winner_419
FOURTH	isthmian_419	isthmian_games
FOURTH	isthmian_419	isthmian_unhappy_games
SECOND	isthmian_419	isthmian_successful_games
SECOND	isthmian_419	isthmian_unsuccessful_games
THIRD	isthmian_419	isthmian_celebratory_games
THIRD	isthmian_419	isthmian_games
THIRD	isthmian_419	isthmian_unsuccessful_games
FIRST	isthmian_421	isthmian_successful_games
FIRST	isthmian_421	isthmian_winner_421
FOURTH	isthmian_421	isthmian_games
FOURTH	isthmian_421	isthmian_unhappy_games
SECOND	isthmian_421	isthmian_successful_games
SECOND	isthmian_421	isthmian_unsuccessful_games
THIRD	isthmian_421	isthmian_celebratory_games
THIRD	isthmian_421	isthmian_games
THIRD	isthmian_421	isthmian_unsuccessful_games
FIRST	isthmian_423	isthmian_successful_games
FIRST	isthmian_423	isthmian_winner_423
FOURTH	isthmian_423	isthmian_games
FOURTH	isthmian_423	isthmian_unhappy_games
SECOND	isthmian_423	isthmian_successful_games
SECOND	isthmian_423	isthmian_unsuccessful_games
THIRD	isthmian_423	isthmian_celebratory_games
THIRD	isthmian_423	isthmian_games
THIRD	isthmian_423	isthmian_unsuccessful_games
FIRST	isthmian_425	isthmian_successful_games
FIRST	isthmian_425	isthmian_winner_425
FOURTH	isthmian_425	isthmian_games
FOURTH	isthmian_425	isthmian_unhappy_games
SECOND	isthmian_425	isthmian_successful_games
SECOND	isthmian_425	isthmian_unsuccessful_games
THIRD	isthmian_425	isthmian_celebratory_games
THIRD	isthmian_425	isthmian_games
THIRD	isthmian_425	isthmian_unsuccessful_games
FIRST	isthmian_427	isthmian_successful_games
FIRST	isthmian_427	isthmian_winner_427
FOURTH	isthmian_427	isthmian_games
FOURTH	isthmian_427	isthmian_unhappy_games
SECOND	isthmian_427	isthmian_successful_games
SECOND	isthmian_427	isthmian_unsuccessful_games
THIRD	isthmian_427	isthmian_celebratory_games
THIRD	isthmian_427	isthmian_games
THIRD	isthmian_427	isthmian_unsuccessful_games
FIRST	isthmian_429	isthmian_successful_games
FIRST	isthmian_429	isthmian_winner_429
FOURTH	isthmian_429	isthmian_games
FOURTH	isthmian_429	isthmian_unhappy_games
SECOND	isthmian_429	isthmian_successful_games
SECOND	isthmian_429	isthmian_unsuccessful_games
THIRD	isthmian_429	isthmian_celebratory_games
THIRD	isthmian_429	isthmian_games
THIRD	isthmian_429	isthmian_unsuccessful_games
FIRST	isthmian_431	isthmian_successful_games
FIRST	isthmian_431	isthmian_winner_431
FOURTH	isthmian_431	isthmian_games
FOURTH	isthmian_431	isthmian_unhappy_games
SECOND	isthmian_431	isthmian_successful_games
SECOND	isthmian_431	isthmian_unsuccessful_games
THIRD	isthmian_431	isthmian_celebratory_games
THIRD	isthmian_431	isthmian_games
THIRD	isthmian_431	isthmian_unsuccessful_games
FIRST	nemean_401	nemean_successful_games
FIRST	nemean_401	nemean_winner_401
FOURTH	nemean_401	nemean_games
FOURTH	nemean_401	nemean_unhappy_games
SECOND	nemean_401	nemean_successful_games
SECOND	nemean_401	nemean_unsuccessful_games
THIRD	nemean_401	nemean_celebratory_games
THIRD	nemean_401	nemean_games
THIRD	nemean_401	nemean_unsuccessful_games
FIRST	nemean_403	nemean_successful_games
FIRST	nemean_403	nemean_winner_403
FOURTH	nemean_403	nemean_games
FOURTH	nemean_403	nemean_unhappy_games
SECOND	nemean_403	nemean_successful_games
SECOND	nemean_403	nemean_unsuccessful_games
THIRD	nemean_403	nemean_celebratory_games
THIRD	nemean_403	nemean_games
THIRD	nemean_403	nemean_unsuccessful_games
FIRST	nemean_405	nemean_successful_games
FIRST	nemean_405	nemean_winner_405
FOURTH	nemean_405	nemean_games
FOURTH	nemean_405	nemean_unhappy_games
SECOND	nemean_405	nemean_successful_games
SECOND	nemean_405	nemean_unsuccessful_games
THIRD	nemean_405	nemean_celebratory_games
THIRD	nemean_405	nemean_games
THIRD	nemean_405	nemean_unsuccessful_games
FIRST	nemean_407	nemean_successful_games
FIRST	nemean_407	nemean_winner_407
FOURTH	nemean_407	nemean_games
FOURTH	nemean_407	nemean_unhappy_games
SECOND	nemean_407	nemean_successful_games
SECOND	nemean_407	nemean_unsuccessful_games
THIRD	nemean_407	nemean_celebratory_games
THIRD	nemean_407	nemean_games
THIRD	nemean_407	nemean_unsuccessful_games
FIRST	nemean_409	nemean_successful_games
FIRST	nemean_409	nemean_winner_409
FOURTH	nemean_409	nemean_games
FOURTH	nemean_409	nemean_unhappy_games
SECOND	nemean_409	nemean_successful_games
SECOND	nemean_409	nemean_unsuccessful_games
THIRD	nemean_409	nemean_celebratory_games
THIRD	nemean_409	nemean_games
THIRD	nemean_409	nemean_unsuccessful_games
FIRST	nemean_411	nemean_successful_games
FIRST	nemean_411	nemean_winner_411
FOURTH	nemean_411	nemean_games
FOURTH	nemean_411	nemean_unhappy_games
SECOND	nemean_411	nemean_successful_games
SECOND	nemean_411	nemean_unsuccessful_games
THIRD	nemean_411	nemean_celebratory_games
THIRD	nemean_411	nemean_games
THIRD	nemean_411	nemean_unsuccessful_games
FIRST	nemean_413	nemean_successful_games
FIRST	nemean_413	nemean_winner_413
FOURTH	nemean_413	nemean_games
FOURTH	nemean_413	nemean_unhappy_games
SECOND	nemean_413	nemean_successful_games
SECOND	nemean_413	nemean_unsuccessful_games
THIRD	nemean_413	nemean_celebratory_games
THIRD	nemean_413	nemean_games
THIRD	nemean_413	nemean_unsuccessful_games
FIRST	nemean_415	nemean_successful_games
FIRST	nemean_415	nemean_winner_415
FOURTH	nemean_415	nemean_games
FOURTH	nemean_415	nemean_unhappy_games
SECOND	nemean_415	nemean_successful_games
SECOND	nemean_415	nemean_unsuccessful_games
THIRD	nemean_415	nemean_celebratory_games
THIRD	nemean_415	nemean_games
THIRD	nemean_415	nemean_unsuccessful_games
FIRST	nemean_417	nemean_successful_games
FIRST	nemean_417	nemean_winner_417
FOURTH	nemean_417	nemean_games
FOURTH	nemean_417	nemean_unhappy_games
SECOND	nemean_417	nemean_successful_games
SECOND	nemean_417	nemean_unsuccessful_games
THIRD	nemean_417	nemean_celebratory_games
THIRD	nemean_417	nemean_games
THIRD	nemean_417	nemean_unsuccessful_games
FIRST	nemean_419	nemean_successful_games
FIRST	nemean_419	nemean_winner_419
FOURTH	nemean_419	nemean_games
FOURTH	nemean_419	nemean_unhappy_games
SECOND	nemean_419	nemean_successful_games
SECOND	nemean_419	nemean_unsuccessful_games
THIRD	nemean_419	nemean_celebratory_games
THIRD	nemean_419	nemean_games
THIRD	nemean_419	nemean_unsuccessful_games
FIRST	nemean_421	nemean_successful_games
FIRST	nemean_421	nemean_winner_421
FOURTH	nemean_421	nemean_games
FOURTH	nemean_421	nemean_unhappy_games
SECOND	nemean_421	nemean_successful_games
SECOND	nemean_421	nemean_unsuccessful_games
THIRD	nemean_421	nemean_celebratory_games
THIRD	nemean_421	nemean_games
THIRD	nemean_421	nemean_unsuccessful_games
FIRST	nemean_423	nemean_successful_games
FIRST	nemean_423	nemean_winner_423
FOURTH	nemean_423	nemean_games
FOURTH	nemean_423	nemean_unhappy_games
SECOND	nemean_423	nemean_successful_games
SECOND	nemean_423	nemean_unsuccessful_games
THIRD	nemean_423	nemean_celebratory_games
THIRD	nemean_423	nemean_games
THIRD	nemean_423	nemean_unsuccessful_games
FIRST	nemean_425	nemean_successful_games
FIRST	nemean_425	nemean_winner_425
FOURTH	nemean_425	nemean_games
FOURTH	nemean_425	nemean_unhappy_games
SECOND	nemean_425	nemean_successful_games
SECOND	nemean_425	nemean_unsuccessful_games
THIRD	nemean_425	nemean_celebratory_games
THIRD	nemean_425	nemean_games
THIRD	nemean_425	nemean_unsuccessful_games
FIRST	nemean_427	nemean_successful_games
FIRST	nemean_427	nemean_winner_427
FOURTH	nemean_427	nemean_games
FOURTH	nemean_427	nemean_unhappy_games
SECOND	nemean_427	nemean_successful_games
SECOND	nemean_427	nemean_unsuccessful_games
THIRD	nemean_427	nemean_celebratory_games
THIRD	nemean_427	nemean_games
THIRD	nemean_427	nemean_unsuccessful_games
FIRST	nemean_429	nemean_successful_games
FIRST	nemean_429	nemean_winner_429
FOURTH	nemean_429	nemean_games
FOURTH	nemean_429	nemean_unhappy_games
SECOND	nemean_429	nemean_successful_games
SECOND	nemean_429	nemean_unsuccessful_games
THIRD	nemean_429	nemean_celebratory_games
THIRD	nemean_429	nemean_games
THIRD	nemean_429	nemean_unsuccessful_games
FIRST	nemean_431	nemean_successful_games
FIRST	nemean_431	nemean_winner_431
FOURTH	nemean_431	nemean_games
FOURTH	nemean_431	nemean_unhappy_games
SECOND	nemean_431	nemean_successful_games
SECOND	nemean_431	nemean_unsuccessful_games
THIRD	nemean_431	nemean_celebratory_games
THIRD	nemean_431	nemean_games
THIRD	nemean_431	nemean_unsuccessful_games
FIRST	olympics_400	olympics_successful_games
FIRST	olympics_400	olympics_winner_400
FOURTH	olympics_400	olympics_games
FOURTH	olympics_400	olympics_unhappy_games
SECOND	olympics_400	olympics_successful_games
SECOND	olympics_400	olympics_unsuccessful_games
THIRD	olympics_400	olympics_celebratory_games
THIRD	olympics_400	olympics_games
THIRD	olympics_400	olympics_unsuccessful_games
FIRST	olympics_404	olympics_successful_games
FIRST	olympics_404	olympics_winner_404
FOURTH	olympics_404	olympics_games
FOURTH	olympics_404	olympics_unhappy_games
SECOND	olympics_404	olympics_successful_games
SECOND	olympics_404	olympics_unsuccessful_games
THIRD	olympics_404	olympics_celebratory_games
THIRD	olympics_404	olympics_games
THIRD	olympics_404	olympics_unsuccessful_games
FIRST	olympics_408	olympics_successful_games
FIRST	olympics_408	olympics_winner_408
FOURTH	olympics_408	olympics_games
FOURTH	olympics_408	olympics_unhappy_games
SECOND	olympics_408	olympics_successful_games
SECOND	olympics_408	olympics_unsuccessful_games
THIRD	olympics_408	olympics_celebratory_games
THIRD	olympics_408	olympics_games
THIRD	olympics_408	olympics_unsuccessful_games
FIRST	olympics_412	olympics_successful_games
FIRST	olympics_412	olympics_winner_412
FOURTH	olympics_412	olympics_games
FOURTH	olympics_412	olympics_unhappy_games
SECOND	olympics_412	olympics_successful_games
SECOND	olympics_412	olympics_unsuccessful_games
THIRD	olympics_412	olympics_celebratory_games
THIRD	olympics_412	olympics_games
THIRD	olympics_412	olympics_unsuccessful_games
FIRST	olympics_416	olympics_successful_games
FIRST	olympics_416	olympics_winner_416
FOURTH	olympics_416	olympics_games
FOURTH	olympics_416	olympics_unhappy_games
SECOND	olympics_416	olympics_successful_games
SECOND	olympics_416	olympics_unsuccessful_games
THIRD	olympics_416	olympics_celebratory_games
THIRD	olympics_416	olympics_games
THIRD	olympics_416	olympics_unsuccessful_games
FIRST	olympics_420	olympics_successful_games
FIRST	olympics_420	olympics_winner_420
FOURTH	olympics_420	olympics_games
FOURTH	olympics_420	olympics_unhappy_games
SECOND	olympics_420	olympics_successful_games
SECOND	olympics_420	olympics_unsuccessful_games
THIRD	olympics_420	olympics_celebratory_games
THIRD	olympics_420	olympics_games
THIRD	olympics_420	olympics_unsuccessful_games
FIRST	olympics_424	olympics_successful_games
FIRST	olympics_424	olympics_winner_424
FOURTH	olympics_424	olympics_games
FOURTH	olympics_424	olympics_unhappy_games
SECOND	olympics_424	olympics_successful_games
SECOND	olympics_424	olympics_unsuccessful_games
THIRD	olympics_424	olympics_celebratory_games
THIRD	olympics_424	olympics_games
THIRD	olympics_424	olympics_unsuccessful_games
FIRST	olympics_428	olympics_successful_games
FIRST	olympics_428	olympics_winner_428
FOURTH	olympics_428	olympics_games
FOURTH	olympics_428	olympics_unhappy_games
SECOND	olympics_428	olympics_successful_games
SECOND	olympics_428	olympics_unsuccessful_games
THIRD	olympics_428	olympics_celebratory_games
THIRD	olympics_428	olympics_games
THIRD	olympics_428	olympics_unsuccessful_games
FIRST	olympics_432	olympics_successful_games
FIRST	olympics_432	olympics_winner_432
FOURTH	olympics_432	olympics_games
FOURTH	olympics_432	olympics_unhappy_games
SECOND	olympics_432	olympics_successful_games
SECOND	olympics_432	olympics_unsuccessful_games
THIRD	olympics_432	olympics_celebratory_games
THIRD	olympics_432	olympics_games
THIRD	olympics_432	olympics_unsuccessful_games
FIRST	political_event_assassination_plot	political_event_assassination_plot_A
SECOND	political_event_assassination_plot	political_event_assassination_plot_B
THIRD	political_event_assassination_plot	political_event_assassination_plot_C
FIRST	political_event_intimidate_opposition	political_event_intimidate_opposition_A
SECOND	political_event_intimidate_opposition	political_event_intimidate_opposition_B
FIRST	political_event_riot_in_capital	political_event_riot_in_capital_A
SECOND	political_event_riot_in_capital	political_event_riot_in_capital_B
THIRD	political_event_riot_in_capital	political_event_riot_in_capital_C
FIRST	political_event_rival_banquet	political_event_rival_banquet_A
SECOND	political_event_rival_banquet	political_event_rival_banquet_B
THIRD	political_event_rival_banquet	political_event_rival_banquet_C
FIRST	pythian_402	pythian_successful_games
FIRST	pythian_402	pythian_winner_402
FOURTH	pythian_402	pythian_games
FOURTH	pythian_402	pythian_unhappy_games
SECOND	pythian_402	pythian_successful_games
SECOND	pythian_402	pythian_unsuccessful_games
THIRD	pythian_402	pythian_celebratory_games
THIRD	pythian_402	pythian_games
THIRD	pythian_402	pythian_unsuccessful_games
FIRST	pythian_406	pythian_successful_games
FIRST	pythian_406	pythian_winner_406
FOURTH	pythian_406	pythian_games
FOURTH	pythian_406	pythian_unhappy_games
SECOND	pythian_406	pythian_successful_games
SECOND	pythian_406	pythian_unsuccessful_games
THIRD	pythian_406	pythian_celebratory_games
THIRD	pythian_406	pythian_games
THIRD	pythian_406	pythian_unsuccessful_games
FIRST	pythian_410	pythian_successful_games
FIRST	pythian_410	pythian_winner_410
FOURTH	pythian_410	pythian_games
FOURTH	pythian_410	pythian_unhappy_games
SECOND	pythian_410	pythian_successful_games
SECOND	pythian_410	pythian_unsuccessful_games
THIRD	pythian_410	pythian_celebratory_games
THIRD	pythian_410	pythian_games
THIRD	pythian_410	pythian_unsuccessful_games
FIRST	pythian_414	pythian_successful_games
FIRST	pythian_414	pythian_winner_414
FOURTH	pythian_414	pythian_games
FOURTH	pythian_414	pythian_unhappy_games
SECOND	pythian_414	pythian_successful_games
SECOND	pythian_414	pythian_unsuccessful_games
THIRD	pythian_414	pythian_celebratory_games
THIRD	pythian_414	pythian_games
THIRD	pythian_414	pythian_unsuccessful_games
FIRST	pythian_418	pythian_successful_games
FIRST	pythian_418	pythian_winner_418
FOURTH	pythian_418	pythian_games
FOURTH	pythian_418	pythian_unhappy_games
SECOND	pythian_418	pythian_successful_games
SECOND	pythian_418	pythian_unsuccessful_games
THIRD	pythian_418	pythian_celebratory_games
THIRD	pythian_418	pythian_games
THIRD	pythian_418	pythian_unsuccessful_games
FIRST	pythian_422	pythian_successful_games
FIRST	pythian_422	pythian_winner_422
FOURTH	pythian_422	pythian_games
FOURTH	pythian_422	pythian_unhappy_games
SECOND	pythian_422	pythian_successful_games
SECOND	pythian_422	pythian_unsuccessful_games
THIRD	pythian_422	pythian_celebratory_games
THIRD	pythian_422	pythian_games
THIRD	pythian_422	pythian_unsuccessful_games
FIRST	pythian_426	pythian_successful_games
FIRST	pythian_426	pythian_winner_426
FOURTH	pythian_426	pythian_games
FOURTH	pythian_426	pythian_unhappy_games
SECOND	pythian_426	pythian_successful_games
SECOND	pythian_426	pythian_unsuccessful_games
THIRD	pythian_426	pythian_celebratory_games
THIRD	pythian_426	pythian_games
THIRD	pythian_426	pythian_unsuccessful_games
FIRST	pythian_430	pythian_successful_games
FIRST	pythian_430	pythian_winner_430
FOURTH	pythian_430	pythian_games
FOURTH	pythian_430	pythian_unhappy_games
SECOND	pythian_430	pythian_successful_games
SECOND	pythian_430	pythian_unsuccessful_games
THIRD	pythian_430	pythian_celebratory_games
THIRD	pythian_430	pythian_games
THIRD	pythian_430	pythian_unsuccessful_games
FIRST	rom_agrarian_agitator	rom_agrarian_agitator_A
FOURTH	rom_agrarian_agitator	rom_agrarian_agitator_D
SECOND	rom_agrarian_agitator	rom_agrarian_agitator_B
THIRD	rom_agrarian_agitator	rom_agrarian_agitator_C
FIRST	rom_banning_corrupt	rom_banning_corrupt_A
FOURTH	rom_banning_corrupt	rom_banning_corrupt_D
SECOND	rom_banning_corrupt	rom_banning_corrupt_B
THIRD	rom_banning_corrupt	rom_banning_corrupt_C
FIRST	rom_hostile_dispute	rom_hostile_dispute_A
FOURTH	rom_hostile_dispute	rom_hostile_dispute_D
SECOND	rom_hostile_dispute	rom_hostile_dispute_B
THIRD	rom_hostile_dispute	rom_hostile_dispute_C
FIRST	rom_hostile_governor	rom_hostile_governor_A
FOURTH	rom_hostile_governor	rom_hostile_governor_D
SECOND	rom_hostile_governor	rom_hostile_governor_B
THIRD	rom_hostile_governor	rom_hostile_governor_C
FIRST	rom_secret_meetings	rom_secret_meetings_A
FOURTH	rom_secret_meetings	rom_secret_meetings_D
SECOND	rom_secret_meetings	rom_secret_meetings_B
THIRD	rom_secret_meetings	rom_secret_meetings_C
FIRST	rom_subject_barb_britons_sacred_sword	rom_subject_barb_britons_sacred_sword_i_A
SECOND	rom_subject_barb_britons_sacred_sword	rom_subject_barb_britons_sacred_sword_i_B
THIRD	rom_subject_barb_britons_sacred_sword	rom_subject_barb_britons_sacred_sword_i_C
FIRST	rom_subject_barb_creature_1_white_faun	rom_subject_barb_creature_1_white_faun_i_A
FOURTH	rom_subject_barb_creature_1_white_faun	rom_subject_barb_creature_1_white_faun_i_D
SECOND	rom_subject_barb_creature_1_white_faun	rom_subject_barb_creature_1_white_faun_i_B
THIRD	rom_subject_barb_creature_1_white_faun	rom_subject_barb_creature_1_white_faun_i_C
FIRST	rom_subject_barb_family_member_1_brotherly_love	rom_subject_barb_family_member_1_brotherly_love_i_A
SECOND	rom_subject_barb_family_member_1_brotherly_love	rom_subject_barb_family_member_1_brotherly_love_i_B
THIRD	rom_subject_barb_family_member_1_brotherly_love	rom_subject_barb_family_member_1_brotherly_love_i_C
FIRST	rom_subject_barb_family_member_2_younger_son	rom_subject_barb_family_member_2_younger_son_i_A
SECOND	rom_subject_barb_family_member_2_younger_son	rom_subject_barb_family_member_2_younger_son_i_B
THIRD	rom_subject_barb_family_member_2_younger_son	rom_subject_barb_family_member_2_younger_son_i_C
FIRST	rom_subject_barb_family_member_3_kidnapped	rom_subject_barb_family_member_3_kidnapped_i_A
SECOND	rom_subject_barb_family_member_3_kidnapped	rom_subject_barb_family_member_3_kidnapped_i_B
THIRD	rom_subject_barb_family_member_3_kidnapped	rom_subject_barb_family_member_3_kidnapped_i_C
FIRST	rom_subject_barb_family_member_3_kidnapped_followup	rom_subject_barb_family_member_3_kidnapped_followup_i_A
SECOND	rom_subject_barb_family_member_3_kidnapped_followup	rom_subject_barb_family_member_3_kidnapped_followup_i_B
THIRD	rom_subject_barb_family_member_3_kidnapped_followup	rom_subject_barb_family_member_3_kidnapped_followup_i_C
FIRST	rom_subject_barb_family_member_4_dead	rom_subject_barb_family_member_4_dead_leader_i_A
FOURTH	rom_subject_barb_family_member_4_dead	rom_subject_barb_family_member_4_dead_leader_i_D
SECOND	rom_subject_barb_family_member_4_dead	rom_subject_barb_family_member_4_dead_leader_i_B
THIRD	rom_subject_barb_family_member_4_dead	rom_subject_barb_family_member_4_dead_leader_i_C
FIRST	rom_subject_barb_family_member_5_long_lost_flavour	rom_subject_barb_family_member_5_long_lost_i_A
SECOND	rom_subject_barb_family_member_5_long_lost_flavour	rom_subject_barb_family_member_5_long_lost_i_B
SECOND	rom_subject_barb_family_member_5_long_lost_flavour	rom_subject_barb_family_member_5_long_lost_i_C
THIRD	rom_subject_barb_family_member_5_long_lost_flavour	rom_subject_barb_family_member_5_long_lost_i_C
FIRST	rom_subject_barb_family_member_6_unfaithful_woman	rom_subject_barb_family_member_6_unfaithful_woman_i_A
SECOND	rom_subject_barb_family_member_6_unfaithful_woman	rom_subject_barb_family_member_6_unfaithful_woman_i_B
THIRD	rom_subject_barb_family_member_6_unfaithful_woman	rom_subject_barb_family_member_6_unfaithful_woman_i_C
FIRST	rom_subject_barb_family_member_7_hares	rom_subject_barb_family_member_7_hares_i_A
SECOND	rom_subject_barb_family_member_7_hares	rom_subject_barb_family_member_7_hares_i_B
THIRD	rom_subject_barb_family_member_7_hares	rom_subject_barb_family_member_7_hares_i_C
FIRST	rom_subject_barb_gaul_family_member_blessed_by_the_gods_1	rom_subject_gaul_family_member_blessed_by_the_gods_1_i_A
SECOND	rom_subject_barb_gaul_family_member_blessed_by_the_gods_1	rom_subject_gaul_family_member_blessed_by_the_gods_1_i_B
THIRD	rom_subject_barb_gaul_family_member_blessed_by_the_gods_1	rom_subject_gaul_family_member_blessed_by_the_gods_1_i_C
FIRST	rom_subject_barb_profession_1_chariot	rom_subject_barb_profession_1_chariot_i_A
SECOND	rom_subject_barb_profession_1_chariot	rom_subject_barb_profession_1_chariot_i_A
THIRD	rom_subject_barb_profession_1_chariot	rom_subject_barb_profession_1_chariot_i_C
FIRST	rom_subject_barb_religious_1_looters	rom_subject_barb_religious_1_looters_i_A
FIRST	rom_subject_barb_religious_1_looters	rom_subject_barb_religious_1_looters_i_C
SECOND	rom_subject_barb_religious_1_looters	rom_subject_barb_religious_1_looters_i_B
SECOND	rom_subject_barb_religious_1_looters	rom_subject_barb_religious_1_looters_i_C
THIRD	rom_subject_barb_religious_1_looters	rom_subject_barb_religious_1_looters_i_C
FIRST	rom_subject_barb_religious_2_talking_head	rom_subject_barb_religious_2_talking_head_i_A
FOURTH	rom_subject_barb_religious_2_talking_head	rom_subject_barb_religious_2_talking_head_i_D
SECOND	rom_subject_barb_religious_2_talking_head	rom_subject_barb_religious_2_talking_head_i_B
THIRD	rom_subject_barb_religious_2_talking_head	rom_subject_barb_religious_2_talking_head_i_C
FIRST	rom_subject_barb_religious_3_drought	rom_subject_barb_religious_3_drought_i_A
SECOND	rom_subject_barb_religious_3_drought	rom_subject_barb_religious_3_drought_i_B
THIRD	rom_subject_barb_religious_3_drought	rom_subject_barb_religious_3_drought_i_C
FIRST	rom_subject_barb_religious_4_hag	rom_subject_barb_religious_4_hag_i_A
FIRST	rom_subject_barb_religious_4_hag	rom_subject_barb_religious_4_hag_i_C
SECOND	rom_subject_barb_religious_4_hag	rom_subject_barb_religious_4_hag_i_B
SECOND	rom_subject_barb_religious_4_hag	rom_subject_barb_religious_4_hag_i_C
THIRD	rom_subject_barb_religious_4_hag	rom_subject_barb_religious_4_hag_i_C
FIRST	rom_subject_barb_religious_5_the_hunt	rom_subject_barb_religious_5_the_hunt_i_A
FIRST	rom_subject_barb_religious_5_the_hunt	rom_subject_barb_religious_5_the_hunt_i_C
SECOND	rom_subject_barb_religious_5_the_hunt	rom_subject_barb_religious_5_the_hunt_i_B
SECOND	rom_subject_barb_religious_5_the_hunt	rom_subject_barb_religious_5_the_hunt_i_C
THIRD	rom_subject_barb_religious_5_the_hunt	rom_subject_barb_religious_5_the_hunt_i_C
FIRST	rom_subject_barb_the_hunt	rom_subject_barb_religious_7_the_hunt_i_A
FIRST	rom_subject_barb_the_hunt	rom_subject_barb_religious_7_the_hunt_i_C
SECOND	rom_subject_barb_the_hunt	rom_subject_barb_religious_7_the_hunt_i_B
SECOND	rom_subject_barb_the_hunt	rom_subject_barb_religious_7_the_hunt_i_C
THIRD	rom_subject_barb_the_hunt	rom_subject_barb_religious_7_the_hunt_i_C
FIRST	rom_subject_barb_trade_1_Silk	rom_subject_barb_trade_4_Silk_i_A
FOURTH	rom_subject_barb_trade_1_Silk	rom_subject_barb_trade_4_Silk_i_D
SECOND	rom_subject_barb_trade_1_Silk	rom_subject_barb_trade_4_Silk_i_B
SECOND	rom_subject_barb_trade_1_Silk	rom_subject_barb_trade_4_Silk_i_C
THIRD	rom_subject_barb_trade_1_Silk	rom_subject_barb_trade_4_Silk_i_B
THIRD	rom_subject_barb_trade_1_Silk	rom_subject_barb_trade_4_Silk_i_C
FIRST	rom_subject_barb_trade_2_Spices	rom_subject_barb_trade_1_Spices_i_A
FIRST	rom_subject_barb_trade_2_Spices	rom_subject_barb_trade_1_Spices_i_C
FOURTH	rom_subject_barb_trade_2_Spices	rom_subject_barb_trade_1_Spices_i_C
SECOND	rom_subject_barb_trade_2_Spices	rom_subject_barb_trade_1_Spices_i_B
SECOND	rom_subject_barb_trade_2_Spices	rom_subject_barb_trade_1_Spices_i_D
THIRD	rom_subject_barb_trade_2_Spices	rom_subject_barb_trade_1_Spices_i_C
FIRST	rom_subject_barb_trade_3_Nisean	rom_subject_barb_trade_2_Nisean_i_A
FOURTH	rom_subject_barb_trade_3_Nisean	rom_subject_barb_trade_2_Nisean_i_D
SECOND	rom_subject_barb_trade_3_Nisean	rom_subject_barb_trade_2_Nisean_i_B
THIRD	rom_subject_barb_trade_3_Nisean	rom_subject_barb_trade_2_Nisean_i_C
FIRST	rom_subject_barb_trade_4_Wine	rom_subject_barb_trade_3_Wine_i_A
FOURTH	rom_subject_barb_trade_4_Wine	rom_subject_barb_trade_3_Wine_i_D
SECOND	rom_subject_barb_trade_4_Wine	rom_subject_barb_trade_3_Wine_i_B
THIRD	rom_subject_barb_trade_4_Wine	rom_subject_barb_trade_3_Wine_i_C
FIRST	rom_subject_barb_trade_5_tyrian_purple	rom_subject_barb_trade_5_tyrian_purple_i_A
FIRST	rom_subject_barb_trade_5_tyrian_purple	rom_subject_barb_trade_5_tyrian_purple_i_B
SECOND	rom_subject_barb_trade_5_tyrian_purple	rom_subject_barb_trade_5_tyrian_purple_i_B
SECOND	rom_subject_barb_trade_5_tyrian_purple	rom_subject_barb_trade_5_tyrian_purple_i_C
THIRD	rom_subject_barb_trade_5_tyrian_purple	rom_subject_barb_trade_5_tyrian_purple_i_C
FIRST	rom_subject_barb_vanquished_leader	rom_subject_barb_vanquished_leader_i_A
SECOND	rom_subject_barb_vanquished_leader	rom_subject_barb_vanquished_leader_i_B
SECOND	rom_subject_barb_vanquished_leader	rom_subject_barb_vanquished_leader_i_C
THIRD	rom_subject_barb_vanquished_leader	rom_subject_barb_vanquished_leader_i_C
FIRST	rom_subject_barb_witchcraft	rom_subject_barb_religious_6_witch_i_A
SECOND	rom_subject_barb_witchcraft	rom_subject_barb_religious_6_witch_i_B
THIRD	rom_subject_barb_witchcraft	rom_subject_barb_religious_6_witch_i_C
FIRST	rom_subject_eastern_archon_1_death	rom_subject_eastern_archon_1_bribes_i_A
SECOND	rom_subject_eastern_archon_1_death	rom_subject_eastern_archon_1_bribes_i_B
THIRD	rom_subject_eastern_archon_1_death	rom_subject_eastern_archon_1_bribes_i_C
FIRST	rom_subject_eastern_archon_2_plenty_slaves	rom_subject_eastern_archon_2_plenty_slaves_i_A
FOURTH	rom_subject_eastern_archon_2_plenty_slaves	rom_subject_eastern_archon_2_plenty_slaves_i_D
SECOND	rom_subject_eastern_archon_2_plenty_slaves	rom_subject_eastern_archon_2_plenty_slaves_i_B
THIRD	rom_subject_eastern_archon_2_plenty_slaves	rom_subject_eastern_archon_2_plenty_slaves_i_C
FIRST	rom_subject_eastern_archon_3_lack_slaves	rom_subject_eastern_archon_3_lack_slaves_i_A
SECOND	rom_subject_eastern_archon_3_lack_slaves	rom_subject_eastern_archon_3_lack_slaves_i_B
THIRD	rom_subject_eastern_archon_3_lack_slaves	rom_subject_eastern_archon_3_lack_slaves_i_C
FIRST	rom_subject_eastern_archon_4_evil_eye	rom_subject_eastern_archon_4_evil_eye_i_A
SECOND	rom_subject_eastern_archon_4_evil_eye	rom_subject_eastern_archon_4_evil_eye_i_B
FIRST	rom_subject_eastern_archon_5_Barren_land	rom_subject_eastern_archon_5_Barren_land_i_A
FIRST	rom_subject_eastern_archon_5_Barren_land	rom_subject_eastern_archon_5_Barren_land_i_D
FOURTH	rom_subject_eastern_archon_5_Barren_land	rom_subject_eastern_archon_5_Barren_land_i_D
SECOND	rom_subject_eastern_archon_5_Barren_land	rom_subject_eastern_archon_5_Barren_land_i_B
SECOND	rom_subject_eastern_archon_5_Barren_land	rom_subject_eastern_archon_5_Barren_land_i_D
THIRD	rom_subject_eastern_archon_5_Barren_land	rom_subject_eastern_archon_5_Barren_land_i_C
THIRD	rom_subject_eastern_archon_5_Barren_land	rom_subject_eastern_archon_5_Barren_land_i_D
FIRST	rom_subject_eastern_concubine_1_foreign_beauty	rom_subject_eastern_concubine_1_foreign_beauty_i_A
SECOND	rom_subject_eastern_concubine_1_foreign_beauty	rom_subject_eastern_concubine_1_foreign_beauty_i_B
THIRD	rom_subject_eastern_concubine_1_foreign_beauty	rom_subject_eastern_concubine_1_foreign_beauty_i_C
FIRST	rom_subject_eastern_concubine_1_foreign_beauty_followup	rom_subject_eastern_concubine_1_foreign_beauty_followup_i_A
FOURTH	rom_subject_eastern_concubine_1_foreign_beauty_followup	rom_subject_eastern_concubine_1_foreign_beauty_followup_i_D
SECOND	rom_subject_eastern_concubine_1_foreign_beauty_followup	rom_subject_eastern_concubine_1_foreign_beauty_followup_i_B
THIRD	rom_subject_eastern_concubine_1_foreign_beauty_followup	rom_subject_eastern_concubine_1_foreign_beauty_followup_i_C
FIRST	rom_subject_eastern_concubine_2_killer_queen	rom_subject_eastern_concubine_2_killer_queen_i_A
FIRST	rom_subject_eastern_concubine_2_killer_queen	rom_subject_eastern_concubine_2_killer_queen_i_C
SECOND	rom_subject_eastern_concubine_2_killer_queen	rom_subject_eastern_concubine_2_killer_queen_i_B
THIRD	rom_subject_eastern_concubine_2_killer_queen	rom_subject_eastern_concubine_2_killer_queen_i_C
FIRST	rom_subject_eastern_concubine_3_plots	rom_subject_eastern_concubine_3_plots_i_A
FIRST	rom_subject_eastern_concubine_3_plots	rom_subject_eastern_concubine_3_plots_i_C
SECOND	rom_subject_eastern_concubine_3_plots	rom_subject_eastern_concubine_3_plots_i_B
THIRD	rom_subject_eastern_concubine_3_plots	rom_subject_eastern_concubine_3_plots_i_C
FIRST	rom_subject_eastern_concubine_3_plots_followup	rom_subject_eastern_concubine_3_plots_followup_i_A
SECOND	rom_subject_eastern_concubine_3_plots_followup	rom_subject_eastern_concubine_3_plots_followup_i_B
THIRD	rom_subject_eastern_concubine_3_plots_followup	rom_subject_eastern_concubine_3_plots_followup_i_C
FIRST	rom_subject_eastern_creature_1_griffin	rom_subject_eastern_creature_1_griffin_bones_i_A
SECOND	rom_subject_eastern_creature_1_griffin	rom_subject_eastern_creature_1_griffin_bones_i_B
THIRD	rom_subject_eastern_creature_1_griffin	rom_subject_eastern_creature_1_griffin_bones_i_C
FIRST	rom_subject_eastern_creature_2_djinn	rom_subject_eastern_creature_2_djinn_i_A
SECOND	rom_subject_eastern_creature_2_djinn	rom_subject_eastern_creature_2_djinn_i_B
THIRD	rom_subject_eastern_creature_2_djinn	rom_subject_eastern_creature_2_djinn_i_C
FIRST	rom_subject_eastern_creature_2_djinn_followup	rom_subject_eastern_creature_2_djinn_followup_i_A
SECOND	rom_subject_eastern_creature_2_djinn_followup	rom_subject_eastern_creature_2_djinn_followup_i_B
FIRST	rom_subject_eastern_family_member_1_revenge	rom_subject_eastern_family_member_1_revenge_i_A
FIRST	rom_subject_eastern_family_member_1_revenge	rom_subject_eastern_family_member_1_revenge_i_C
SECOND	rom_subject_eastern_family_member_1_revenge	rom_subject_eastern_family_member_1_revenge_i_B
SECOND	rom_subject_eastern_family_member_1_revenge	rom_subject_eastern_family_member_1_revenge_i_C
THIRD	rom_subject_eastern_family_member_1_revenge	rom_subject_eastern_family_member_1_revenge_i_C
FIRST	rom_subject_eastern_family_member_2_debauched	rom_subject_eastern_family_member_2_debauched_i_A
FOURTH	rom_subject_eastern_family_member_2_debauched	rom_subject_eastern_family_member_2_debauched_i_D
SECOND	rom_subject_eastern_family_member_2_debauched	rom_subject_eastern_family_member_2_debauched_i_B
THIRD	rom_subject_eastern_family_member_2_debauched	rom_subject_eastern_family_member_2_debauched_i_C
FIRST	rom_subject_eastern_family_member_2_debauched_followup	rom_subject_eastern_family_member_2_debauched_followup_i_A
FOURTH	rom_subject_eastern_family_member_2_debauched_followup	rom_subject_eastern_family_member_2_debauched_followup_i_D
SECOND	rom_subject_eastern_family_member_2_debauched_followup	rom_subject_eastern_family_member_2_debauched_followup_i_B
THIRD	rom_subject_eastern_family_member_2_debauched_followup	rom_subject_eastern_family_member_2_debauched_followup_i_C
FIRST	rom_subject_eastern_family_member_3_greek_lover	rom_subject_eastern_family_member_3_greek_lover_i_A
FIRST	rom_subject_eastern_family_member_3_greek_lover	rom_subject_eastern_family_member_3_greek_lover_i_C
SECOND	rom_subject_eastern_family_member_3_greek_lover	rom_subject_eastern_family_member_3_greek_lover_i_B
THIRD	rom_subject_eastern_family_member_3_greek_lover	rom_subject_eastern_family_member_3_greek_lover_i_C
FIRST	rom_subject_eastern_family_member_3_greek_lover_followup	rom_subject_eastern_family_member_3_greek_lover_followup_i_A
FOURTH	rom_subject_eastern_family_member_3_greek_lover_followup	rom_subject_eastern_family_member_3_greek_lover_followup_i_D
SECOND	rom_subject_eastern_family_member_3_greek_lover_followup	rom_subject_eastern_family_member_3_greek_lover_followup_i_B
FIRST	rom_subject_eastern_family_member_4_kidnapped	rom_subject_eastern_family_member_4_kidnapped_i_A
SECOND	rom_subject_eastern_family_member_4_kidnapped	rom_subject_eastern_family_member_4_kidnapped_i_B
SECOND	rom_subject_eastern_family_member_4_kidnapped	rom_subject_eastern_family_member_4_kidnapped_i_C
THIRD	rom_subject_eastern_family_member_4_kidnapped	rom_subject_eastern_family_member_4_kidnapped_i_C
FIRST	rom_subject_eastern_profession_1_Goldsmith	rom_subject_eastern_profession_1_Goldsmith_i_A
SECOND	rom_subject_eastern_profession_1_Goldsmith	rom_subject_eastern_profession_1_Goldsmith_i_B
THIRD	rom_subject_eastern_profession_1_Goldsmith	rom_subject_eastern_profession_1_Goldsmith_i_C
FIRST	rom_subject_eastern_profession_2_rhyton	rom_subject_eastern_profession_2_rhyton_i_A
SECOND	rom_subject_eastern_profession_2_rhyton	rom_subject_eastern_profession_2_rhyton_i_B
THIRD	rom_subject_eastern_profession_2_rhyton	rom_subject_eastern_profession_2_rhyton_i_C
FIRST	rom_subject_eastern_profession_3_caravans	rom_subject_eastern_profession_3_caravans_i_A
SECOND	rom_subject_eastern_profession_3_caravans	rom_subject_eastern_profession_3_caravans_i_B
THIRD	rom_subject_eastern_profession_3_caravans	rom_subject_eastern_profession_3_caravans_i_C
FIRST	rom_subject_eastern_profession_3_gosan	rom_subject_eastern_profession_3_gosan_i_A
SECOND	rom_subject_eastern_profession_3_gosan	rom_subject_eastern_profession_3_gosan_i_B
THIRD	rom_subject_eastern_profession_3_gosan	rom_subject_eastern_profession_3_gosan_i_C
FIRST	rom_subject_eastern_religious_1_star_flood	rom_subject_eastern_religious_1_star_flood_i_A
FIRST	rom_subject_eastern_religious_1_star_flood	rom_subject_eastern_religious_1_star_flood_i_C
SECOND	rom_subject_eastern_religious_1_star_flood	rom_subject_eastern_religious_1_star_flood_i_B
SECOND	rom_subject_eastern_religious_1_star_flood	rom_subject_eastern_religious_1_star_flood_i_C
THIRD	rom_subject_eastern_religious_1_star_flood	rom_subject_eastern_religious_1_star_flood_i_C
FIRST	rom_subject_eastern_religious_2_dark_dreams	rom_subject_eastern_religious_2_dark_dreams_i_A
SECOND	rom_subject_eastern_religious_2_dark_dreams	rom_subject_eastern_religious_2_dark_dreams_i_B
FIRST	rom_subject_eastern_religious_2_dark_dreams_followup	rom_subject_eastern_religious_2_dark_dreams_followup_i_A
SECOND	rom_subject_eastern_religious_2_dark_dreams_followup	rom_subject_eastern_religious_2_dark_dreams_followup_i_B
THIRD	rom_subject_eastern_religious_2_dark_dreams_followup	rom_subject_eastern_religious_2_dark_dreams_followup_i_C
FIRST	rom_subject_eastern_religious_3_star_prosperity	rom_subject_eastern_religious_3_star_prosperity_i_A
FIRST	rom_subject_eastern_religious_3_star_prosperity	rom_subject_eastern_religious_3_star_prosperity_i_C
SECOND	rom_subject_eastern_religious_3_star_prosperity	rom_subject_eastern_religious_3_star_prosperity_i_B
THIRD	rom_subject_eastern_religious_3_star_prosperity	rom_subject_eastern_religious_3_star_prosperity_i_C
FIRST	rom_subject_eastern_religious_4_star_baby	rom_subject_eastern_religious_4_star_baby_i_A
SECOND	rom_subject_eastern_religious_4_star_baby	rom_subject_eastern_religious_4_star_baby_i_B
THIRD	rom_subject_eastern_religious_4_star_baby	rom_subject_eastern_religious_4_star_baby_i_C
FIRST	rom_subject_eastern_religious_4_star_baby_followup	rom_subject_eastern_religious_4_star_baby_followup_i_A
FOURTH	rom_subject_eastern_religious_4_star_baby_followup	rom_subject_eastern_religious_4_star_baby_followup_i_D
SECOND	rom_subject_eastern_religious_4_star_baby_followup	rom_subject_eastern_religious_4_star_baby_followup_i_B
THIRD	rom_subject_eastern_religious_4_star_baby_followup	rom_subject_eastern_religious_4_star_baby_followup_i_C
FIRST	rom_subject_eastern_trade_1_Silk	rom_subject_eastern_trade_1_Silk_A
SECOND	rom_subject_eastern_trade_1_Silk	rom_subject_eastern_trade_1_Silk_B
THIRD	rom_subject_eastern_trade_1_Silk	rom_subject_eastern_trade_1_Silk_C
FIRST	rom_subject_eastern_trade_2_Nisean	rom_subject_eastern_trade_2_Nisean_i_A
FIRST	rom_subject_eastern_trade_2_Nisean	rom_subject_eastern_trade_2_Nisean_i_C
SECOND	rom_subject_eastern_trade_2_Nisean	rom_subject_eastern_trade_2_Nisean_i_B
THIRD	rom_subject_eastern_trade_2_Nisean	rom_subject_eastern_trade_2_Nisean_i_C
FIRST	rom_subject_family_member_6_pirates_followup	rom_subject_family_member_6_pirates_followup_i_A
SECOND	rom_subject_family_member_6_pirates_followup	rom_subject_family_member_6_pirates_followup_i_B
FIRST	rom_subject_hellenic_family_member_1_debt	rom_subject_hellenic_family_member_1_debt_i_A
FOURTH	rom_subject_hellenic_family_member_1_debt	rom_subject_hellenic_family_member_1_debt_i_D
SECOND	rom_subject_hellenic_family_member_1_debt	rom_subject_hellenic_family_member_1_debt_i_B
THIRD	rom_subject_hellenic_family_member_1_debt	rom_subject_hellenic_family_member_1_debt_i_C
FIRST	rom_subject_hellenic_family_member_2_debt_own	rom_subject_hellenic_family_member_debt_own_i_A
SECOND	rom_subject_hellenic_family_member_2_debt_own	rom_subject_hellenic_family_member_debt_own_i_B
THIRD	rom_subject_hellenic_family_member_2_debt_own	rom_subject_hellenic_family_member_debt_own_i_C
FIRST	rom_subject_hellenic_family_member_3_promising	rom_subject_hellenic_family_member_3_promising_i_A
SECOND	rom_subject_hellenic_family_member_3_promising	rom_subject_hellenic_family_member_3_promising_i_B
THIRD	rom_subject_hellenic_family_member_3_promising	rom_subject_hellenic_family_member_3_promising_i_C
FIRST	rom_subject_hellenic_family_member_4_Agamemnon	rom_subject_hellenic_family_member_4_Agamemnon_i_A
FIRST	rom_subject_hellenic_family_member_4_Agamemnon	rom_subject_hellenic_family_member_4_Agamemnon_i_C
SECOND	rom_subject_hellenic_family_member_4_Agamemnon	rom_subject_hellenic_family_member_4_Agamemnon_i_A
SECOND	rom_subject_hellenic_family_member_4_Agamemnon	rom_subject_hellenic_family_member_4_Agamemnon_i_B
SECOND	rom_subject_hellenic_family_member_4_Agamemnon	rom_subject_hellenic_family_member_4_Agamemnon_i_C
THIRD	rom_subject_hellenic_family_member_4_Agamemnon	rom_subject_hellenic_family_member_4_Agamemnon_i_C
FIRST	rom_subject_hellenic_family_member_4_Agamemnon_followup	rom_subject_hellenic_family_member_4_Agamemnon_followup_i_A
SECOND	rom_subject_hellenic_family_member_4_Agamemnon_followup	rom_subject_hellenic_family_member_4_Agamemnon_followup_i_B
FIRST	rom_subject_hellenic_family_member_debt_own_followup	rom_subject_hellenic_family_member_debt_own_followup_i_A
SECOND	rom_subject_hellenic_family_member_debt_own_followup	rom_subject_hellenic_family_member_debt_own_followup_i_B
SECOND	rom_subject_hellenic_family_member_debt_own_followup	rom_subject_hellenic_family_member_debt_own_followup_i_C
FIRST	rom_subject_hellenic_hetaira_1	rom_subject_hellenic_hetaira_1_i_A
FOURTH	rom_subject_hellenic_hetaira_1	rom_subject_hellenic_hetaira_1_i_D
SECOND	rom_subject_hellenic_hetaira_1	rom_subject_hellenic_hetaira_1_i_B
THIRD	rom_subject_hellenic_hetaira_1	rom_subject_hellenic_hetaira_1_i_C
FIRST	rom_subject_hellenic_hetaira_2	rom_subject_hellenic_hetaira_2_i_A
FOURTH	rom_subject_hellenic_hetaira_2	rom_subject_hellenic_hetaira_2_i_D
SECOND	rom_subject_hellenic_hetaira_2	rom_subject_hellenic_hetaira_2_i_B
THIRD	rom_subject_hellenic_hetaira_2	rom_subject_hellenic_hetaira_2_i_C
FIRST	rom_subject_hellenic_hetaira_3	rom_subject_hellenic_hetaira_3_i_A
FOURTH	rom_subject_hellenic_hetaira_3	rom_subject_hellenic_hetaira_3_i_D
SECOND	rom_subject_hellenic_hetaira_3	rom_subject_hellenic_hetaira_3_i_B
THIRD	rom_subject_hellenic_hetaira_3	rom_subject_hellenic_hetaira_3_i_C
FIRST	rom_subject_hellenic_hetaira_4	rom_subject_hellenic_hetaira_4_i_A
SECOND	rom_subject_hellenic_hetaira_4	rom_subject_hellenic_hetaira_4_i_B
THIRD	rom_subject_hellenic_hetaira_4	rom_subject_hellenic_hetaira_4_i_C
FIRST	rom_subject_hellenic_magistrate_1_Barren_land	rom_subject_hellenic_magistrate_1_Barren_land_i_A
FOURTH	rom_subject_hellenic_magistrate_1_Barren_land	rom_subject_hellenic_magistrate_1_Barren_land_i_D
SECOND	rom_subject_hellenic_magistrate_1_Barren_land	rom_subject_hellenic_magistrate_1_Barren_land_i_B
THIRD	rom_subject_hellenic_magistrate_1_Barren_land	rom_subject_hellenic_magistrate_1_Barren_land_i_C
FIRST	rom_subject_hellenic_magistrate_2_Wine	rom_subject_hellenic_magistrate_2_Wine_i_A
SECOND	rom_subject_hellenic_magistrate_2_Wine	rom_subject_hellenic_magistrate_2_Wine_i_B
FIRST	rom_subject_hellenic_magistrate_3_lack_slaves	rom_subject_hellenic_magistrate_3_lack_slaves_i_A
SECOND	rom_subject_hellenic_magistrate_3_lack_slaves	rom_subject_hellenic_magistrate_3_lack_slaves_i_B
THIRD	rom_subject_hellenic_magistrate_3_lack_slaves	rom_subject_hellenic_magistrate_3_lack_slaves_i_C
FIRST	rom_subject_hellenic_magistrate_4_plenty_slaves	rom_subject_hellenic_magistrate_4_plenty_slaves_i_A
SECOND	rom_subject_hellenic_magistrate_4_plenty_slaves	rom_subject_hellenic_magistrate_4_plenty_slaves_i_B
THIRD	rom_subject_hellenic_magistrate_4_plenty_slaves	rom_subject_hellenic_magistrate_4_plenty_slaves_i_C
FIRST	rom_subject_hellenic_magistrate_5_bad_wife	rom_subject_hellenic_magistrate_5_bad_wife_i_A
SECOND	rom_subject_hellenic_magistrate_5_bad_wife	rom_subject_hellenic_magistrate_5_bad_wife_i_B
THIRD	rom_subject_hellenic_magistrate_5_bad_wife	rom_subject_hellenic_magistrate_5_bad_wife_i_C
FIRST	rom_subject_hellenic_profession_1_Goldsmith	rom_subject_hellennic_profession_1_Goldsmith_i_A
FIRST	rom_subject_hellenic_profession_1_Goldsmith	rom_subject_hellennic_profession_1_Goldsmith_i_B
SECOND	rom_subject_hellenic_profession_1_Goldsmith	rom_subject_hellennic_profession_1_Goldsmith_i_B
THIRD	rom_subject_hellenic_profession_1_Goldsmith	rom_subject_hellennic_profession_1_Goldsmith_i_C
FIRST	rom_subject_hellenic_profession_2_Blacksmith	rom_subject_hellenic_profession_2_Blacksmith_i_A
SECOND	rom_subject_hellenic_profession_2_Blacksmith	rom_subject_hellenic_profession_2_Blacksmith_i_B
THIRD	rom_subject_hellenic_profession_2_Blacksmith	rom_subject_hellenic_profession_2_Blacksmith_i_C
FIRST	rom_subject_hellenic_profession_4_Priestess	rom_subject_hellenic_profession_4_Priestess_i_A
FOURTH	rom_subject_hellenic_profession_4_Priestess	rom_subject_hellenic_profession_4_Priestess_i_D
SECOND	rom_subject_hellenic_profession_4_Priestess	rom_subject_hellenic_profession_4_Priestess_i_B
THIRD	rom_subject_hellenic_profession_4_Priestess	rom_subject_hellenic_profession_4_Priestess_i_C
FIRST	rom_subject_hellenic_profession_5_Librarian	rom_subject_profession_5_Librarian_i_A
SECOND	rom_subject_hellenic_profession_5_Librarian	rom_subject_profession_5_Librarian_i_B
THIRD	rom_subject_hellenic_profession_5_Librarian	rom_subject_profession_5_Librarian_i_C
FIRST	rom_subject_hellenic_profession_6_Slaver	rom_subject_profession_6_Slaver_i_A
FOURTH	rom_subject_hellenic_profession_6_Slaver	rom_subject_profession_6_Slaver_i_D
SECOND	rom_subject_hellenic_profession_6_Slaver	rom_subject_profession_6_Slaver_i_B
THIRD	rom_subject_hellenic_profession_6_Slaver	rom_subject_profession_6_Slaver_i_C
FIRST	rom_subject_hellenic_profession_7_Miner	rom_subject_hellenic_profession_7_Miner_i_A
SECOND	rom_subject_hellenic_profession_7_Miner	rom_subject_hellenic_profession_7_Miner_i_B
FIRST	rom_subject_hellenic_religions_1_Dodona	rom_subject_hellenic_religious_1_Oracle_i_A
FIRST	rom_subject_hellenic_religions_1_Dodona	rom_subject_hellenic_religious_1_Oracle_i_D
FOURTH	rom_subject_hellenic_religions_1_Dodona	rom_subject_hellenic_religious_1_Oracle_i_D
SECOND	rom_subject_hellenic_religions_1_Dodona	rom_subject_hellenic_religious_1_Oracle_i_B
THIRD	rom_subject_hellenic_religions_1_Dodona	rom_subject_hellenic_religious_1_Oracle_i_C
FIRST	rom_subject_hellenic_religious_2_Dodona	rom_subject_hellenic_religious_2_Dodona_i_A
FIRST	rom_subject_hellenic_religious_2_Dodona	rom_subject_hellenic_religious_2_Dodona_i_B
FOURTH	rom_subject_hellenic_religious_2_Dodona	rom_subject_hellenic_religious_2_Dodona_i_D
SECOND	rom_subject_hellenic_religious_2_Dodona	rom_subject_hellenic_religious_2_Dodona_i_B
THIRD	rom_subject_hellenic_religious_2_Dodona	rom_subject_hellenic_religious_2_Dodona_i_C
FIRST	rom_subject_hellenic_religious_3_Chalcon	rom_subject_hellenic_religious_3_Chalcon_i_A
FIRST	rom_subject_hellenic_religious_3_Chalcon	rom_subject_hellenic_religious_3_Chalcon_i_B
FOURTH	rom_subject_hellenic_religious_3_Chalcon	rom_subject_hellenic_religious_3_Chalcon_i_D
SECOND	rom_subject_hellenic_religious_3_Chalcon	rom_subject_hellenic_religious_3_Chalcon_i_B
THIRD	rom_subject_hellenic_religious_3_Chalcon	rom_subject_hellenic_religious_3_Chalcon_i_C
THIRD	rom_subject_hellenic_religious_3_Chalcon	rom_subject_hellenic_religious_3_Chalcon_i_D
FIRST	rom_subject_hellenic_religious_4_Delphoi	rom_subject_hellenic_religious_4_Delphoi_i_A
FIRST	rom_subject_hellenic_religious_4_Delphoi	rom_subject_hellenic_religious_4_Delphoi_i_C
FOURTH	rom_subject_hellenic_religious_4_Delphoi	rom_subject_hellenic_religious_4_Delphoi_i_D
SECOND	rom_subject_hellenic_religious_4_Delphoi	rom_subject_hellenic_religious_4_Delphoi_i_B
THIRD	rom_subject_hellenic_religious_4_Delphoi	rom_subject_hellenic_religious_4_Delphoi_i_A
THIRD	rom_subject_hellenic_religious_4_Delphoi	rom_subject_hellenic_religious_4_Delphoi_i_C
FIRST	rom_subject_hellenic_religious_5_Epidaurus	rom_subject_hellenic_religious_5_Epidaurus_i_A
FIRST	rom_subject_hellenic_religious_5_Epidaurus	rom_subject_hellenic_religious_5_Epidaurus_i_D
FOURTH	rom_subject_hellenic_religious_5_Epidaurus	rom_subject_hellenic_religious_5_Epidaurus_i_D
SECOND	rom_subject_hellenic_religious_5_Epidaurus	rom_subject_hellenic_religious_5_Epidaurus_i_B
THIRD	rom_subject_hellenic_religious_5_Epidaurus	rom_subject_hellenic_religious_5_Epidaurus_i_C
THIRD	rom_subject_hellenic_religious_5_Epidaurus	rom_subject_hellenic_religious_5_Epidaurus_i_D
FIRST	rom_subject_hellenic_religious_6_hedonistic	rom_subject_hellenic_religious_6_hedonistic_i_A
SECOND	rom_subject_hellenic_religious_6_hedonistic	rom_subject_hellenic_religious_6_hedonistic_i_B
THIRD	rom_subject_hellenic_religious_6_hedonistic	rom_subject_hellenic_religious_6_hedonistic_i_C
FIRST	rom_subject_hellenic_religious_7_Bura	rom_subject_hellenic_religious_7_Bura_i_A
FIRST	rom_subject_hellenic_religious_7_Bura	rom_subject_hellenic_religious_7_Bura_i_B
FOURTH	rom_subject_hellenic_religious_7_Bura	rom_subject_hellenic_religious_7_Bura_i_D
SECOND	rom_subject_hellenic_religious_7_Bura	rom_subject_hellenic_religious_7_Bura_i_C
THIRD	rom_subject_hellenic_religious_7_Bura	rom_subject_hellenic_religious_7_Bura_i_B
FIRST	rom_subject_hellenic_slaves_1_secrets	rom_subject_hellenic_slaves_1_secrets_i_A
SECOND	rom_subject_hellenic_slaves_1_secrets	rom_subject_hellenic_slaves_1_secrets_i_B
THIRD	rom_subject_hellenic_slaves_1_secrets	rom_subject_hellenic_slaves_1_secrets_i_C
FIRST	rom_subject_hellenic_slaves_2_Thracian	rom_subject_hellenic_slaves_2_Thracian_i_A
SECOND	rom_subject_hellenic_slaves_2_Thracian	rom_subject_hellenic_slaves_2_Thracian_i_B
THIRD	rom_subject_hellenic_slaves_2_Thracian	rom_subject_hellenic_slaves_2_Thracian_i_C
FIRST	rom_subject_hellenic_slaves_3_slavedriver	rom_subject_hellenic_slaves_3_slavedriver_i_A
FIRST	rom_subject_hellenic_slaves_3_slavedriver	rom_subject_hellenic_slaves_3_slavedriver_i_C
SECOND	rom_subject_hellenic_slaves_3_slavedriver	rom_subject_hellenic_slaves_3_slavedriver_i_B
THIRD	rom_subject_hellenic_slaves_3_slavedriver	rom_subject_hellenic_slaves_3_slavedriver_i_C
FIRST	rom_subject_hellenic_trade_1_Silk	rom_subject_hellenic_trade_1_Silk_i_A
FOURTH	rom_subject_hellenic_trade_1_Silk	rom_subject_hellenic_trade_1_Silk_i_D
SECOND	rom_subject_hellenic_trade_1_Silk	rom_subject_hellenic_trade_1_Silk_i_B
THIRD	rom_subject_hellenic_trade_1_Silk	rom_subject_hellenic_trade_1_Silk_i_C
FIRST	rom_subject_hellenic_trade_2_Spices	rom_subject_hellenic_trade_2_Spices_i_A
FOURTH	rom_subject_hellenic_trade_2_Spices	rom_subject_hellenic_trade_2_Spices_i_D
SECOND	rom_subject_hellenic_trade_2_Spices	rom_subject_hellenic_trade_2_Spices_i_B
THIRD	rom_subject_hellenic_trade_2_Spices	rom_subject_hellenic_trade_2_Spices_i_C
FIRST	rom_subject_hellenic_trade_3_Nisean	rom_subject_hellenic_trade_3_Nisean_i_A
FOURTH	rom_subject_hellenic_trade_3_Nisean	rom_subject_hellenic_trade_3_Nisean_i_D
SECOND	rom_subject_hellenic_trade_3_Nisean	rom_subject_hellenic_trade_3_Nisean_i_B
THIRD	rom_subject_hellenic_trade_3_Nisean	rom_subject_hellenic_trade_3_Nisean_i_C
FIRST	rom_subject_roman_creature_dolphin	rom_subject_roman_creature_dolphin_1_i_A
SECOND	rom_subject_roman_creature_dolphin	rom_subject_roman_creature_dolphin_1_i_B
THIRD	rom_subject_roman_creature_dolphin	rom_subject_roman_creature_dolphin_1_i_C
FIRST	rom_subject_roman_creature_white_faun_1	rom_subject_roman_creature_white_faun_1_i_A
FOURTH	rom_subject_roman_creature_white_faun_1	rom_subject_roman_creature_white_faun_1_i_D
SECOND	rom_subject_roman_creature_white_faun_1	rom_subject_roman_creature_white_faun_1_i_B
THIRD	rom_subject_roman_creature_white_faun_1	rom_subject_roman_creature_white_faun_1_i_C
FIRST	rom_subject_roman_cult_1	rom_subject_roman_religious_5_cult_i_A
SECOND	rom_subject_roman_cult_1	rom_subject_roman_religious_5_cult_i_B
THIRD	rom_subject_roman_cult_1	rom_subject_roman_religious_5_cult_i_C
FIRST	rom_subject_roman_family_member_1_blessed	rom_subject_gaul_family_member_blessed_by_the_gods_1_i_A
SECOND	rom_subject_roman_family_member_1_blessed	rom_subject_gaul_family_member_blessed_by_the_gods_1_i_B
THIRD	rom_subject_roman_family_member_1_blessed	rom_subject_gaul_family_member_blessed_by_the_gods_1_i_C
FIRST	rom_subject_roman_family_member_2_harlot	rom_subject_roman_family_member_2_harlot_i_A
SECOND	rom_subject_roman_family_member_2_harlot	rom_subject_roman_family_member_2_harlot_i_B
THIRD	rom_subject_roman_family_member_2_harlot	rom_subject_roman_family_member_2_harlot_i_C
FIRST	rom_subject_roman_family_member_2_harlot_followup	rom_subject_roman_family_member_2_harlot_followup_i_A
SECOND	rom_subject_roman_family_member_2_harlot_followup	rom_subject_roman_family_member_2_harlot_followup_i_B
SECOND	rom_subject_roman_family_member_2_harlot_followup	rom_subject_roman_family_member_2_harlot_followup_i_D
THIRD	rom_subject_roman_family_member_2_harlot_followup	rom_subject_roman_family_member_2_harlot_followup_i_C
FIRST	rom_subject_roman_family_member_3_long_lost	rom_subject_roman_family_member_3_long_lost_i_A
SECOND	rom_subject_roman_family_member_3_long_lost	rom_subject_roman_family_member_3_long_lost_i_B
SECOND	rom_subject_roman_family_member_3_long_lost	rom_subject_roman_family_member_3_long_lost_i_C
THIRD	rom_subject_roman_family_member_3_long_lost	rom_subject_roman_family_member_3_long_lost_i_C
FIRST	rom_subject_roman_family_member_4_Vicious_words	rom_subject_family_member_4_Vicious_words_i_A
SECOND	rom_subject_roman_family_member_4_Vicious_words	rom_subject_family_member_4_Vicious_words_i_B
THIRD	rom_subject_roman_family_member_4_Vicious_words	rom_subject_family_member_4_Vicious_words_i_C
FIRST	rom_subject_roman_family_member_5_Child_mars	rom_subject_family_member_5_Child_mars_i_A
SECOND	rom_subject_roman_family_member_5_Child_mars	rom_subject_family_member_5_Child_mars_i_B
THIRD	rom_subject_roman_family_member_5_Child_mars	rom_subject_family_member_5_Child_mars_i_C
FIRST	rom_subject_roman_family_member_6_pirates	rom_subject_family_member_6_pirates_i_A
SECOND	rom_subject_roman_family_member_6_pirates	rom_subject_family_member_6_pirates_i_B
FIRST	rom_subject_roman_family_member_6_surgeon	rom_subject_roman_family_member_8_surgeon_i_A
FIRST	rom_subject_roman_family_member_6_surgeon	rom_subject_roman_family_member_8_surgeon_i_C
SECOND	rom_subject_roman_family_member_6_surgeon	rom_subject_roman_family_member_8_surgeon_i_B
SECOND	rom_subject_roman_family_member_6_surgeon	rom_subject_roman_family_member_8_surgeon_i_C
THIRD	rom_subject_roman_family_member_6_surgeon	rom_subject_roman_family_member_8_surgeon_i_C
FIRST	rom_subject_roman_general_cloaka_maxima	rom_subject_general_cloaka_maxima_i_A
SECOND	rom_subject_roman_general_cloaka_maxima	rom_subject_general_cloaka_maxima_i_B
THIRD	rom_subject_roman_general_cloaka_maxima	rom_subject_general_1_cloca_maxima_i_C
FIRST	rom_subject_roman_guardian_1	rom_subject_family_member_7_guardian_i_A
FOURTH	rom_subject_roman_guardian_1	rom_subject_family_member_7_guardian_i_D
SECOND	rom_subject_roman_guardian_1	rom_subject_family_member_7_guardian_i_B
THIRD	rom_subject_roman_guardian_1	rom_subject_family_member_7_guardian_i_C
FIRST	rom_subject_roman_guardian_1_followup	rom_subject_roman_guardian_1_followup_i_A
SECOND	rom_subject_roman_guardian_1_followup	rom_subject_roman_guardian_1_followup_i_B
THIRD	rom_subject_roman_guardian_1_followup	rom_subject_roman_guardian_1_followup_i_C
FIRST	rom_subject_roman_legate_1_Poisoner	rom_subject_roman_legate_1_Poisoner_i_A
SECOND	rom_subject_roman_legate_1_Poisoner	rom_subject_roman_legate_1_Poisoner_i_B
THIRD	rom_subject_roman_legate_1_Poisoner	rom_subject_roman_legate_1_Poisoner_i_C
FIRST	rom_subject_roman_legate_1_Poisoner_followup	rom_subject_roman_legate_1_Poisoner_followup_i_A
SECOND	rom_subject_roman_legate_1_Poisoner_followup	rom_subject_roman_legate_1_Poisoner_followup_i_B
THIRD	rom_subject_roman_legate_1_Poisoner_followup	rom_subject_roman_legate_1_Poisoner_followup_i_C
FIRST	rom_subject_roman_legate_2_Horned	rom_subject_roman_legate_2_Horned_i_A
FIRST	rom_subject_roman_legate_2_Horned	rom_subject_roman_legate_2_Horned_i_C
SECOND	rom_subject_roman_legate_2_Horned	rom_subject_roman_legate_2_Horned_i_B
THIRD	rom_subject_roman_legate_2_Horned	rom_subject_roman_legate_2_Horned_i_C
FIRST	rom_subject_roman_legate_3_Lack_slaves	rom_subject_roman_legate_3_Lack_slaves_i_A
SECOND	rom_subject_roman_legate_3_Lack_slaves	rom_subject_roman_legate_3_Lack_slaves_i_B
THIRD	rom_subject_roman_legate_3_Lack_slaves	rom_subject_roman_legate_3_Lack_slaves_i_C
FIRST	rom_subject_roman_legate_4_Plenty_slaves	rom_subject_roman_legate_4_Plenty_slaves_i_A
SECOND	rom_subject_roman_legate_4_Plenty_slaves	rom_subject_roman_legate_4_Plenty_slaves_i_B
THIRD	rom_subject_roman_legate_4_Plenty_slaves	rom_subject_roman_legate_4_Plenty_slaves_i_C
FIRST	rom_subject_roman_profession_1_Stranger	rom_subject_roman_profession_1_Stranger_i_A
FIRST	rom_subject_roman_profession_1_Stranger	rom_subject_roman_profession_1_Stranger_i_B
SECOND	rom_subject_roman_profession_1_Stranger	rom_subject_roman_profession_1_Stranger_i_C
THIRD	rom_subject_roman_profession_1_Stranger	rom_subject_roman_profession_1_Stranger_i_D
FIRST	rom_subject_roman_profession_2_Lanista	rom_subject_roman_profession_2_Lanista_i_A
SECOND	rom_subject_roman_profession_2_Lanista	rom_subject_roman_profession_2_Lanista_i_B
THIRD	rom_subject_roman_profession_2_Lanista	rom_subject_roman_profession_2_Lanista_i_C
FIRST	rom_subject_roman_profession_3_Gladiator	rom_subject_roman_profession_3_Gladiator_i_A
SECOND	rom_subject_roman_profession_3_Gladiator	rom_subject_roman_profession_3_Gladiator_i_B
SECOND	rom_subject_roman_profession_3_Gladiator	rom_subject_roman_profession_3_Gladiator_i_D
THIRD	rom_subject_roman_profession_3_Gladiator	rom_subject_roman_profession_3_Gladiator_i_C
THIRD	rom_subject_roman_profession_3_Gladiator	rom_subject_roman_profession_3_Gladiator_i_D
FIRST	rom_subject_roman_profession_4_Charioteer	rom_subject_roman_profession_4_Charioteer_i_A
SECOND	rom_subject_roman_profession_4_Charioteer	rom_subject_roman_profession_4_Charioteer_i_B
THIRD	rom_subject_roman_profession_4_Charioteer	rom_subject_roman_profession_4_Charioteer_i_C
FIRST	rom_subject_roman_profession_5_Captain	rom_subject_roman_profession_5_Captain_i_A
SECOND	rom_subject_roman_profession_5_Captain	rom_subject_roman_profession_5_Captain_i_B
THIRD	rom_subject_roman_profession_5_Captain	rom_subject_roman_profession_5_Captain_i_C
FIRST	rom_subject_roman_religious_1_haruspay	rom_subject_roman_religious_1_haruspay_i_A
FOURTH	rom_subject_roman_religious_1_haruspay	rom_subject_roman_religious_1_haruspay_i_D
SECOND	rom_subject_roman_religious_1_haruspay	rom_subject_roman_religious_1_haruspay_i_B
SECOND	rom_subject_roman_religious_1_haruspay	rom_subject_roman_religious_1_haruspay_i_C
THIRD	rom_subject_roman_religious_1_haruspay	rom_subject_roman_religious_1_haruspay_i_C
FIRST	rom_subject_roman_religious_2_chickens	rom_subject_roman_religious_2_chickens_i_A
FOURTH	rom_subject_roman_religious_2_chickens	rom_subject_roman_religious_2_chickens_i_D
SECOND	rom_subject_roman_religious_2_chickens	rom_subject_roman_religious_2_chickens_i_B
THIRD	rom_subject_roman_religious_2_chickens	rom_subject_roman_religious_2_chickens_i_C
THIRD	rom_subject_roman_religious_2_chickens	rom_subject_roman_religious_2_chickens_i_D
FIRST	rom_subject_roman_religious_3_augres	rom_subject_roman_religious_3_augres_i_A
FIRST	rom_subject_roman_religious_3_augres	rom_subject_roman_religious_3_augres_i_B
FOURTH	rom_subject_roman_religious_3_augres	rom_subject_roman_religious_3_augres_i_D
SECOND	rom_subject_roman_religious_3_augres	rom_subject_roman_religious_3_augres_i_B
THIRD	rom_subject_roman_religious_3_augres	rom_subject_roman_religious_3_augres_i_C
FIRST	rom_subject_roman_religious_4_vestal	rom_subject_roman_religious_4_vestal_i_A
FOURTH	rom_subject_roman_religious_4_vestal	rom_subject_roman_religious_4_vestal_i_D
SECOND	rom_subject_roman_religious_4_vestal	rom_subject_roman_religious_4_vestal_i_B
THIRD	rom_subject_roman_religious_4_vestal	rom_subject_roman_religious_4_vestal_i_C
FIRST	rom_subject_roman_trade_aventine_gang_1	rom_subject_roman_trade_aventine_gang_1_i_A
FOURTH	rom_subject_roman_trade_aventine_gang_1	rom_subject_roman_trade_aventine_gang_1_i_D
SECOND	rom_subject_roman_trade_aventine_gang_1	rom_subject_roman_trade_aventine_gang_1_i_B
THIRD	rom_subject_roman_trade_aventine_gang_1	rom_subject_roman_trade_aventine_gang_1_i_C
FIRST	rom_subject_roman_trade_aventine_gang_followup	rom_subject_roman_trade_aventine_gang_followup_i_A
FOURTH	rom_subject_roman_trade_aventine_gang_followup	rom_subject_roman_trade_aventine_gang_followup_i_D
SECOND	rom_subject_roman_trade_aventine_gang_followup	rom_subject_roman_trade_aventine_gang_followup_i_B
THIRD	rom_subject_roman_trade_aventine_gang_followup	rom_subject_roman_trade_aventine_gang_followup_i_C
FIRST	rom_subject_roman_wrecking	rom_subject_roman_profession_5_wrecking_i_A
SECOND	rom_subject_roman_wrecking	rom_subject_roman_profession_5_wrecking_i_B
THIRD	rom_subject_roman_wrecking	rom_subject_roman_profession_5_wrecking_i_C
FIRST	rom_temple_sacrilege	rom_temple_sacrilege_A
FOURTH	rom_temple_sacrilege	rom_temple_sacrilege_D
SECOND	rom_temple_sacrilege	rom_temple_sacrilege_B
THIRD	rom_temple_sacrilege	rom_temple_sacrilege_C
FIRST	rom_young_challenger	rom_young_challenger_A
FOURTH	rom_young_challenger	rom_young_challenger_D
SECOND	rom_young_challenger	rom_young_challenger_B
THIRD	rom_young_challenger	rom_young_challenger_C
