key	level	trait	threshold_points	enabled_by_tech
#character_trait_levels_tables;1;db/character_trait_levels_tables/character_trait_levels				
3c_aurelian_1	1	3c_aurelian	1	
3c_barbarian_king_1	1	3c_barbarian_king	1	
3c_event_books_rational_1	1	3c_event_books_rational	1	
3c_event_mystic_dreams_confused_1	1	3c_event_mystic_dreams_confused	1	
3c_event_royal_crown_faravahar_1	1	3c_event_royal_crown_faravahar	1	
3c_event_royal_crown_sacred_fire_1	1	3c_event_royal_crown_sacred_fire	1	
3c_event_royal_crown_simurgh_1	1	3c_event_royal_crown_simurgh	1	
3c_event_royal_crown_verethragna_1	1	3c_event_royal_crown_verethragna	1	
3c_event_sculptor_ancillary_1	1	3c_event_sculptor_ancillary	1	
3c_event_vaballathus_authority_1	1	3c_event_vaballathus_authority	1	
3c_event_vaballathus_balanced_1	1	3c_event_vaballathus_balanced	1	
3c_event_vaballathus_subterfuge_1	1	3c_event_vaballathus_subterfuge	1	
3c_event_vaballathus_zeal_1	1	3c_event_vaballathus_zeal	1	
3c_queen_mother_1	1	3c_queen_mother	1	
3c_rightful_emperor	1	3c_rightful_emperor	1	
3c_shahanshah_1	1	3c_shahanshah	1	
3c_vaballathus_1	1	3c_vaballathus	1	
FemGen_ch_eastern_rank_1	1	FemGen_ch_eastern	1	
FemGen_ch_eastern_rank_2	2	FemGen_ch_eastern	2	
FemGen_ch_eastern_rank_3	3	FemGen_ch_eastern	3	
FemGen_ch_eastern_rank_4	4	FemGen_ch_eastern	4	
FemGen_ch_hellenic_rank_1	1	FemGen_ch_hellenic	1	
FemGen_ch_hellenic_rank_2	2	FemGen_ch_hellenic	2	
FemGen_ch_hellenic_rank_3	3	FemGen_ch_hellenic	3	
FemGen_ch_hellenic_rank_4	4	FemGen_ch_hellenic	4	
FemGen_ch_roman_rank_1	1	FemGen_ch_roman	1	
FemGen_ch_roman_rank_2	2	FemGen_ch_roman	2	
FemGen_ch_roman_rank_3	3	FemGen_ch_roman	3	
FemGen_ch_roman_rank_4	4	FemGen_ch_roman	4	
dk_ch_kush_rank_1	1	dk_ch_kush	1	
dk_ch_kush_rank_2	2	dk_ch_kush	2	
dk_ch_kush_rank_3	3	dk_ch_kush	3	
dk_ch_kush_rank_4	4	dk_ch_kush	4	
dk_ch_kush_rank_5	5	dk_ch_kush	5	
dk_ch_kush_rank_6	6	dk_ch_kush	6	
dk_ch_kush_rank_7	7	dk_ch_kush	7	
dk_ch_saba_rank_1	1	dk_ch_saba	1	
dk_ch_saba_rank_2	2	dk_ch_saba	2	
dk_ch_saba_rank_3	3	dk_ch_saba	3	
dk_ch_saba_rank_4	4	dk_ch_saba	4	
dk_ch_saba_rank_5	5	dk_ch_saba	5	
dk_ch_saba_rank_6	6	dk_ch_saba	6	
dk_ch_saba_rank_7	7	dk_ch_saba	7	
dk_female_family_duty_1	1	dk_female_family_duty	1	
dk_highborn_1	1	dk_highborn	1	
emp_antony_1	1	emp_antony	1	
emp_antony_2	2	emp_antony	3	
emp_antony_3	3	emp_antony	6	
emp_lepidus_1	1	emp_lepidus	1	
emp_lepidus_2	2	emp_lepidus	3	
emp_lepidus_3	3	emp_lepidus	6	
emp_octavian_1	1	emp_octavian	1	
emp_octavian_2	2	emp_octavian	3	
emp_octavian_3	3	emp_octavian	6	
emp_pompey_1	1	emp_pompey	1	
emp_pompey_2	2	emp_pompey	3	
emp_pompey_3	3	emp_pompey	6	
games_isthmian_victor_1	3	games_isthmian_victor	10	
games_isthmian_victor_2	2	games_isthmian_victor	5	
games_isthmian_victor_3	1	games_isthmian_victor	1	
games_nemean_victor_1	3	games_nemean_victor	10	
games_nemean_victor_2	2	games_nemean_victor	5	
games_nemean_victor_3	1	games_nemean_victor	1	
games_olympic_victor_1	3	games_olympic_victor	10	
games_olympic_victor_2	2	games_olympic_victor	5	
games_olympic_victor_3	1	games_olympic_victor	1	
games_pythian_victor_1	3	games_pythian_victor	10	
games_pythian_victor_2	2	games_pythian_victor	5	
games_pythian_victor_3	1	games_pythian_victor	1	
inv_ch_barb_1	1	inv_ch_barb	1	
inv_ch_barb_2	2	inv_ch_barb	2	
inv_ch_barb_3	3	inv_ch_barb	3	
inv_ch_barb_4	4	inv_ch_barb	4	
inv_ch_barb_5	5	inv_ch_barb	5	
inv_ch_rome_1	1	inv_ch_rome	1	
inv_ch_rome_2	2	inv_ch_rome	2	
inv_ch_rome_3	3	inv_ch_rome	3	
inv_ch_rome_4	4	inv_ch_rome	4	inv_rome_civil_via_magisterium_praetor
inv_ch_rome_consul_posterior_1	1	inv_ch_rome_consul_posterior	1	
inv_ch_rome_consul_prior_1	1	inv_ch_rome_consul_prior	1	
inv_ch_rome_dictator_1	1	inv_ch_rome_dictator	1	
inv_ch_rome_ex_consul_1	1	inv_ch_rome_ex_consul	1	
inv_ch_rome_ex_dictator_1	1	inv_ch_rome_ex_dictator	1	
inv_ch_rome_magister_equitum_1	1	inv_ch_rome_magister_equitum	1	
inv_ch_samnites_1	1	inv_ch_samnites	1	
inv_ch_samnites_2	2	inv_ch_samnites	2	
inv_ch_samnites_3	3	inv_ch_samnites	3	
inv_ch_samnites_4	4	inv_ch_samnites	4	
inv_ch_samnites_5	5	inv_ch_samnites	5	
inv_ch_syracuse_1	1	inv_ch_syracuse	1	
inv_ch_syracuse_2	2	inv_ch_syracuse	2	
inv_ch_syracuse_3	3	inv_ch_syracuse	3	
inv_ch_syracuse_4	4	inv_ch_syracuse	4	
inv_ch_syracuse_5	5	inv_ch_syracuse	5	
inv_ch_taranto_1	1	inv_ch_taranto	1	
inv_ch_taranto_2	2	inv_ch_taranto	2	
inv_ch_taranto_3	3	inv_ch_taranto	3	
inv_ch_taranto_4	4	inv_ch_taranto	4	
inv_ch_taranto_5	5	inv_ch_taranto	5	
inv_ch_tarchuna_1	1	inv_ch_tarchuna	1	
inv_ch_tarchuna_2	2	inv_ch_tarchuna	2	
inv_ch_tarchuna_3	3	inv_ch_tarchuna	3	
inv_ch_tarchuna_4	4	inv_ch_tarchuna	4	
inv_ch_tarchuna_5	5	inv_ch_tarchuna	5	
inv_ch_tarchuna_6	6	inv_ch_tarchuna	6	
inv_consul_prior_1	1	inv_consul_prior	1	
inv_dictator_1	1	inv_dictator	1	
inv_general_athens_1	1	inv_general_athens	1	
inv_general_corinth_1	1	inv_general_corinth	1	
inv_general_sparta_1	1	inv_general_sparta	1	
inv_sp_trait_female_greco_non_roman_humors_yellow_bile_1	1	inv_sp_trait_female_greco_non_roman_humors_yellow_bile	1	
inv_sp_trait_female_non_roman_background_fighter_1	1	inv_sp_trait_female_non_roman_background_fighter	1	
inv_sp_trait_female_non_roman_humors_phlegm_1	1	inv_sp_trait_female_non_roman_humors_phlegm	1	
inv_sp_trait_female_non_roman_virtues_personal_dignity_1	1	inv_sp_trait_female_non_roman_virtues_personal_dignity	1	
inv_sp_trait_female_non_roman_virtues_personal_frugality_1	1	inv_sp_trait_female_non_roman_virtues_personal_frugality	1	
inv_sp_trait_female_non_roman_virtues_personal_gravity_1	1	inv_sp_trait_female_non_roman_virtues_personal_gravity	1	
inv_sp_trait_female_non_roman_virtues_personal_humanity_1	1	inv_sp_trait_female_non_roman_virtues_personal_humanity	1	
inv_sp_trait_female_non_roman_virtues_personal_humour_1	1	inv_sp_trait_female_non_roman_virtues_personal_humour	1	
inv_sp_trait_female_non_roman_virtues_personal_industriousness_1	1	inv_sp_trait_female_non_roman_virtues_personal_industriousness	1	
inv_sp_trait_female_non_roman_virtues_personal_mercy_1	1	inv_sp_trait_female_non_roman_virtues_personal_mercy	1	
inv_sp_trait_female_non_roman_virtues_personal_prudence_1	1	inv_sp_trait_female_non_roman_virtues_personal_prudence	1	
inv_sp_trait_female_non_roman_virtues_personal_tenacity_1	1	inv_sp_trait_female_non_roman_virtues_personal_tenacity	1	
inv_sp_trait_female_non_roman_virtues_personal_truthfulness_1	1	inv_sp_trait_female_non_roman_virtues_personal_truthfulness	1	
inv_sp_trait_female_non_roman_virtues_personal_wholesomeness_1	1	inv_sp_trait_female_non_roman_virtues_personal_wholesomeness	1	
inv_sp_trait_female_non_roman_virtues_public_dutifulness_1	1	inv_sp_trait_female_non_roman_virtues_public_dutifulness	1	
inv_sp_trait_female_non_roman_virtues_public_forethought_1	1	inv_sp_trait_female_non_roman_virtues_public_forethought	1	
inv_sp_trait_female_non_roman_virtues_public_freedom_1	1	inv_sp_trait_female_non_roman_virtues_public_freedom	1	
inv_sp_trait_female_non_roman_virtues_public_giving_1	1	inv_sp_trait_female_non_roman_virtues_public_giving	1	
inv_sp_trait_female_non_roman_virtues_public_modesty_1	1	inv_sp_trait_female_non_roman_virtues_public_modesty	1	
inv_sp_trait_greco_non_roman_humors_yellow_bile_1	1	inv_sp_trait_greco_non_roman_humors_yellow_bile	1	
inv_sp_trait_non_roman_background_fighter_1	1	inv_sp_trait_non_roman_background_fighter	1	
inv_sp_trait_non_roman_humors_phlegm_1	1	inv_sp_trait_non_roman_humors_phlegm	1	
inv_sp_trait_non_roman_virtues_personal_dignity_1	1	inv_sp_trait_non_roman_virtues_personal_dignity	1	
inv_sp_trait_non_roman_virtues_personal_frugality_1	1	inv_sp_trait_non_roman_virtues_personal_frugality	1	
inv_sp_trait_non_roman_virtues_personal_gravity_1	1	inv_sp_trait_non_roman_virtues_personal_gravity	1	
inv_sp_trait_non_roman_virtues_personal_humanity_1	1	inv_sp_trait_non_roman_virtues_personal_humanity	1	
inv_sp_trait_non_roman_virtues_personal_humour_1	1	inv_sp_trait_non_roman_virtues_personal_humour	1	
inv_sp_trait_non_roman_virtues_personal_industriousness_1	1	inv_sp_trait_non_roman_virtues_personal_industriousness	1	
inv_sp_trait_non_roman_virtues_personal_mercy_1	1	inv_sp_trait_non_roman_virtues_personal_mercy	1	
inv_sp_trait_non_roman_virtues_personal_prudence_1	1	inv_sp_trait_non_roman_virtues_personal_prudence	1	
inv_sp_trait_non_roman_virtues_personal_tenacity_1	1	inv_sp_trait_non_roman_virtues_personal_tenacity	1	
inv_sp_trait_non_roman_virtues_personal_truthfulness_1	1	inv_sp_trait_non_roman_virtues_personal_truthfulness	1	
inv_sp_trait_non_roman_virtues_personal_wholesomeness_1	1	inv_sp_trait_non_roman_virtues_personal_wholesomeness	1	
inv_sp_trait_non_roman_virtues_public_dutifulness_1	1	inv_sp_trait_non_roman_virtues_public_dutifulness	1	
inv_sp_trait_non_roman_virtues_public_forethought_1	1	inv_sp_trait_non_roman_virtues_public_forethought	1	
inv_sp_trait_non_roman_virtues_public_freedom_1	1	inv_sp_trait_non_roman_virtues_public_freedom	1	
inv_sp_trait_non_roman_virtues_public_giving_1	1	inv_sp_trait_non_roman_virtues_public_giving	1	
inv_sp_trait_non_roman_virtues_public_modesty_1	1	inv_sp_trait_non_roman_virtues_public_modesty	1	
inv_tribune_1	1	inv_tribune	1	
pel_alkibiades_1	1	pel_alkibiades	1	
pel_ch_athenai_1	1	pel_ch_athenai	1	
pel_ch_athenai_2	2	pel_ch_athenai	2	
pel_ch_athenai_3	3	pel_ch_athenai	3	
pel_ch_athenai_4	4	pel_ch_athenai	4	
pel_ch_athenai_5	5	pel_ch_athenai	5	
pel_ch_athenai_6	6	pel_ch_athenai	6	
pel_ch_athenai_7	7	pel_ch_athenai	7	
pel_ch_athenai_8	8	pel_ch_athenai	8	
pel_ch_boiotia_1	1	pel_ch_boiotia	1	
pel_ch_boiotia_2	2	pel_ch_boiotia	2	
pel_ch_boiotia_3	3	pel_ch_boiotia	3	
pel_ch_boiotia_4	4	pel_ch_boiotia	4	
pel_ch_boiotia_5	5	pel_ch_boiotia	5	
pel_ch_boiotia_6	6	pel_ch_boiotia	6	
pel_ch_boiotia_7	7	pel_ch_boiotia	7	
pel_ch_boiotia_8	8	pel_ch_boiotia	8	
pel_ch_korinthos_1	1	pel_ch_korinthos	1	
pel_ch_korinthos_2	2	pel_ch_korinthos	2	
pel_ch_korinthos_3	3	pel_ch_korinthos	3	
pel_ch_korinthos_4	4	pel_ch_korinthos	4	
pel_ch_korinthos_5	5	pel_ch_korinthos	5	
pel_ch_korinthos_6	6	pel_ch_korinthos	6	
pel_ch_korinthos_7	7	pel_ch_korinthos	7	
pel_ch_korinthos_8	8	pel_ch_korinthos	8	
pel_ch_sparta_1	1	pel_ch_sparta	1	
pel_ch_sparta_2	2	pel_ch_sparta	2	
pel_ch_sparta_3	3	pel_ch_sparta	3	
pel_ch_sparta_4	4	pel_ch_sparta	4	
pel_ch_sparta_5	5	pel_ch_sparta	5	
pel_ch_sparta_6	6	pel_ch_sparta	6	
pel_ch_sparta_7	7	pel_ch_sparta	7	
pel_ch_sparta_8	8	pel_ch_sparta	8	
pel_disgrace_1	1	pel_disgrace	1	
pel_hero_army_1	1	pel_hero	1	
pel_hero_city_1	1	pel_hero_city	1	
pel_kleon_1	1	pel_kleon	1	
pel_lysander_1	1	pel_lysander	1	
pel_nikias_1	1	pel_nikias	1	
pel_perikles_1	1	pel_perikles	1	
pel_sokrates_1	1	pel_sokrates	1	
pel_thukydides_1	1	pel_thukydides	1	
r2_cig_trait_arverni_vercingetorix_1	1	r2_cig_trait_arverni_vercingetorix	1	
r2_cig_trait_arverni_vercingetorix_2	2	r2_cig_trait_arverni_vercingetorix	3	
r2_cig_trait_arverni_vercingetorix_3	3	r2_cig_trait_arverni_vercingetorix	6	
r2_cig_trait_caesar_1	1	r2_cig_trait_caesar	1	
r2_cig_trait_caesar_2	2	r2_cig_trait_caesar	3	
r2_cig_trait_caesar_3	3	r2_cig_trait_caesar	6	
r2_cig_trait_ch_roman_1	1	r2_cig_trait_ch_roman	1	
r2_cig_trait_ch_roman_2	2	r2_cig_trait_ch_roman	2	
r2_cig_trait_ch_roman_3	3	r2_cig_trait_ch_roman	3	
r2_cig_trait_ch_roman_4	4	r2_cig_trait_ch_roman	4	
r2_cig_trait_ch_roman_5	5	r2_cig_trait_ch_roman	5	
r2_cig_trait_ch_roman_6	6	r2_cig_trait_ch_roman	6	
r2_cig_trait_nervii_boduognatus_1	1	r2_cig_trait_nervii_boduognatus	1	
r2_cig_trait_nervii_boduognatus_2	2	r2_cig_trait_nervii_boduognatus	3	
r2_cig_trait_nervii_boduognatus_3	3	r2_cig_trait_nervii_boduognatus	6	
r2_cig_trait_suebi_ariovistus_1	1	r2_cig_trait_suebi_ariovistus	1	
r2_cig_trait_suebi_ariovistus_2	2	r2_cig_trait_suebi_ariovistus	3	
r2_cig_trait_suebi_ariovistus_3	3	r2_cig_trait_suebi_ariovistus	6	
r2_faction_leader_empire_default_1	1	r2_faction_leader_empire_default	1	
r2_faction_leader_empire_empress_1	1	r2_faction_leader_empire_empress	1	
r2_faction_leader_empire_megas_basileus_1	1	r2_faction_leader_empire_megas_basileus	1	
r2_faction_leader_empire_pharaoh_1	1	r2_faction_leader_empire_pharaoh	1	
r2_faction_leader_empire_proconsulate_1	1	r2_faction_leader_empire_proconsulate	1	
r2_faction_leader_empire_shahanshah_1	1	r2_faction_leader_empire_shahanshah	1	
r2_faction_leader_inv_etruscans_zilath_1	1	r2_faction_leader_inv_etruscans_zilath	1	
r2_faction_leader_inv_gauls_chief_1	1	r2_faction_leader_inv_gauls_chief	1	
r2_faction_leader_inv_nuragic_chief_1	1	r2_faction_leader_inv_nuragic_chief	1	
r2_faction_leader_inv_rome_consular_tribune_1	1	r2_faction_leader_inv_rome_consular_tribune	1	
r2_faction_leader_inv_samnites_medix_tuticus_1	1	r2_faction_leader_inv_samnites_medix_tuticus	1	
r2_faction_leader_inv_syracuse_tyrant_1	1	r2_faction_leader_inv_syracuse_tyrant	1	
r2_faction_leader_inv_taras_archon_1	1	r2_faction_leader_inv_taras_archon	1	
r2_faction_leader_inv_veneti_chief_1	1	r2_faction_leader_inv_veneti_chief	1	
r2_faction_leader_kingdom_agellid_1	1	r2_faction_leader_kingdom_agellid	1	
r2_faction_leader_kingdom_basileus_1	1	r2_faction_leader_kingdom_basileus	1	
r2_faction_leader_kingdom_default_1	1	r2_faction_leader_kingdom_default	1	
r2_faction_leader_kingdom_governess_1	0	r2_faction_leader_kingdom_governess	0	
r2_faction_leader_kingdom_governor_1	1	r2_faction_leader_kingdom_governor	1	
r2_faction_leader_kingdom_kandake_1	1	r2_faction_leader_kingdom_kandake	1	
r2_faction_leader_kingdom_malik_1	1	r2_faction_leader_kingdom_malik	1	
r2_faction_leader_kingdom_nigiste_negestatt_1	1	r2_faction_leader_kingdom_nigiste_negestatt	1	
r2_faction_leader_kingdom_nigusa_nagast_1	1	r2_faction_leader_kingdom_nigusa_nagast	1	
r2_faction_leader_kingdom_qore_1	1	r2_faction_leader_kingdom_qore	1	
r2_faction_leader_kingdom_queen_1	1	r2_faction_leader_kingdom_queen	1	
r2_faction_leader_kingdom_queen_mother_1	1	r2_faction_leader_kingdom_queen_mother	1	
r2_faction_leader_kingdom_reiks_1	1	r2_faction_leader_kingdom_reiks	1	
r2_faction_leader_kingdom_rex_1	1	r2_faction_leader_kingdom_rex	1	
r2_faction_leader_kingdom_shah_1	1	r2_faction_leader_kingdom_shah	1	
r2_faction_leader_republic_archon_1	1	r2_faction_leader_republic_archon	1	
r2_faction_leader_republic_commanding_general_1	1	r2_faction_leader_republic_commanding_general	1	
r2_faction_leader_republic_consul_perpetuo_1	1	r2_faction_leader_republic_consul_perpetuo	1	
r2_faction_leader_republic_default_1	1	r2_faction_leader_republic_default	1	
r2_faction_leader_republic_shophet_1	1	r2_faction_leader_republic_shophet	1	
r2_faction_leader_union_default_1	1	r2_faction_leader_union_default	1	
r2_faction_leader_union_hegemon_1	1	r2_faction_leader_union_hegemon	1	
r2_faction_leader_union_high_queen_1	1	r2_faction_leader_union_high_queen	1	
r2_faction_leader_union_kindins_1	1	r2_faction_leader_union_kindins	1	
r2_family_heir	1	r2_family_heir	1	
r2_family_leader	1	r2_family_leader	1	
r2_sp_trait_all_admin_good_1	1	r2_sp_trait_all_admin_good	1	
r2_sp_trait_all_admin_good_2	2	r2_sp_trait_all_admin_good	3	
r2_sp_trait_all_admin_good_3	3	r2_sp_trait_all_admin_good	6	
r2_sp_trait_all_agent_army_assault_unit_1	1	r2_sp_trait_all_agent_army_assault_unit	1	
r2_sp_trait_all_agent_army_assault_unit_2	2	r2_sp_trait_all_agent_army_assault_unit	3	
r2_sp_trait_all_agent_army_assault_unit_3	3	r2_sp_trait_all_agent_army_assault_unit	6	
r2_sp_trait_all_agent_army_intercept_orders_1	1	r2_sp_trait_all_agent_army_intercept_orders	1	
r2_sp_trait_all_agent_army_intercept_orders_2	2	r2_sp_trait_all_agent_army_intercept_orders	3	
r2_sp_trait_all_agent_army_intercept_orders_3	3	r2_sp_trait_all_agent_army_intercept_orders	6	
r2_sp_trait_all_agent_army_mislead_command_1	1	r2_sp_trait_all_agent_army_mislead_command	1	
r2_sp_trait_all_agent_army_mislead_command_2	2	r2_sp_trait_all_agent_army_mislead_command	3	
r2_sp_trait_all_agent_army_mislead_command_3	3	r2_sp_trait_all_agent_army_mislead_command	6	
r2_sp_trait_all_agent_army_poison_provisions_1	1	r2_sp_trait_all_agent_army_poison_provisions	1	
r2_sp_trait_all_agent_army_poison_provisions_2	2	r2_sp_trait_all_agent_army_poison_provisions	3	
r2_sp_trait_all_agent_army_poison_provisions_3	3	r2_sp_trait_all_agent_army_poison_provisions	6	
r2_sp_trait_all_agent_army_show_force_1	1	r2_sp_trait_all_agent_army_show_force	1	
r2_sp_trait_all_agent_army_show_force_2	2	r2_sp_trait_all_agent_army_show_force	3	
r2_sp_trait_all_agent_army_show_force_3	3	r2_sp_trait_all_agent_army_show_force	6	
r2_sp_trait_all_agent_army_threaten_1	1	r2_sp_trait_all_agent_army_threaten	1	
r2_sp_trait_all_agent_army_threaten_2	2	r2_sp_trait_all_agent_army_threaten	3	
r2_sp_trait_all_agent_army_threaten_3	3	r2_sp_trait_all_agent_army_threaten	6	
r2_sp_trait_all_agent_army_undermine_authority_1	1	r2_sp_trait_all_agent_army_undermine_authority	1	
r2_sp_trait_all_agent_army_undermine_authority_2	2	r2_sp_trait_all_agent_army_undermine_authority	3	
r2_sp_trait_all_agent_army_undermine_authority_3	3	r2_sp_trait_all_agent_army_undermine_authority	6	
r2_sp_trait_all_agent_army_wreck_supplies_1	1	r2_sp_trait_all_agent_army_wreck_supplies	1	
r2_sp_trait_all_agent_army_wreck_supplies_2	2	r2_sp_trait_all_agent_army_wreck_supplies	3	
r2_sp_trait_all_agent_army_wreck_supplies_3	3	r2_sp_trait_all_agent_army_wreck_supplies	6	
r2_sp_trait_all_agent_character_concealed_blade_1	1	r2_sp_trait_all_agent_character_kill_concealed_blade	1	
r2_sp_trait_all_agent_character_concealed_blade_2	2	r2_sp_trait_all_agent_character_kill_concealed_blade	3	
r2_sp_trait_all_agent_character_concealed_blade_3	3	r2_sp_trait_all_agent_character_kill_concealed_blade	6	
r2_sp_trait_all_agent_character_kill_betrayal_1	1	r2_sp_trait_all_agent_character_kill_betrayal	1	
r2_sp_trait_all_agent_character_kill_betrayal_2	2	r2_sp_trait_all_agent_character_kill_betrayal	3	
r2_sp_trait_all_agent_character_kill_betrayal_3	3	r2_sp_trait_all_agent_character_kill_betrayal	6	
r2_sp_trait_all_agent_character_kill_hire_assassin	1	r2_sp_trait_all_agent_character_kill_hire_assassins	1	
r2_sp_trait_all_agent_character_kill_poison_1	1	r2_sp_trait_all_agent_character_kill_poison	1	
r2_sp_trait_all_agent_character_kill_poison_2	2	r2_sp_trait_all_agent_character_kill_poison	3	
r2_sp_trait_all_agent_character_kill_poison_3	3	r2_sp_trait_all_agent_character_kill_poison	6	
r2_sp_trait_all_agent_character_kill_provocation_1	1	r2_sp_trait_all_agent_character_kill_provocation	1	
r2_sp_trait_all_agent_character_kill_provocation_2	2	r2_sp_trait_all_agent_character_kill_provocation	3	
r2_sp_trait_all_agent_character_kill_provocation_3	3	r2_sp_trait_all_agent_character_kill_provocation	6	
r2_sp_trait_all_agent_character_kill_slaughter_1	1	r2_sp_trait_all_agent_character_kill_slaughter	1	
r2_sp_trait_all_agent_character_kill_slaughter_2	2	r2_sp_trait_all_agent_character_kill_slaughter	3	
r2_sp_trait_all_agent_character_kill_slaughter_3	3	r2_sp_trait_all_agent_character_kill_slaughter	6	
r2_sp_trait_all_agent_character_marksmanship_1	1	r2_sp_trait_all_agent_character_kill_marksmanship	1	
r2_sp_trait_all_agent_character_marksmanship_2	2	r2_sp_trait_all_agent_character_kill_marksmanship	3	
r2_sp_trait_all_agent_character_marksmanship_3	3	r2_sp_trait_all_agent_character_kill_marksmanship	6	
r2_sp_trait_all_agent_character_single_combat_1	1	r2_sp_trait_all_agent_character_kill_single_combat	1	
r2_sp_trait_all_agent_character_single_combat_2	2	r2_sp_trait_all_agent_character_kill_single_combat	3	
r2_sp_trait_all_agent_character_single_combat_3	3	r2_sp_trait_all_agent_character_kill_single_combat	6	
r2_sp_trait_all_agent_civil_admin_1	1	r2_sp_trait_all_non_roman_agent_deployed_friendly_civil_admin	1	
r2_sp_trait_all_agent_civil_admin_2	2	r2_sp_trait_all_non_roman_agent_deployed_friendly_civil_admin	3	
r2_sp_trait_all_agent_civil_admin_3	3	r2_sp_trait_all_non_roman_agent_deployed_friendly_civil_admin	6	
r2_sp_trait_all_agent_corrupt_1	1	r2_sp_trait_all_agent_deployed_foreign_corrupt	1	
r2_sp_trait_all_agent_corrupt_2	2	r2_sp_trait_all_agent_deployed_foreign_corrupt	3	
r2_sp_trait_all_agent_corrupt_3	3	r2_sp_trait_all_agent_deployed_foreign_corrupt	6	
r2_sp_trait_all_agent_counterspy_1	1	r2_sp_trait_all_agent_deployed_friendly_counterspy	1	
r2_sp_trait_all_agent_counterspy_2	2	r2_sp_trait_all_agent_deployed_friendly_counterspy	3	
r2_sp_trait_all_agent_counterspy_3	3	r2_sp_trait_all_agent_deployed_friendly_counterspy	6	
r2_sp_trait_all_agent_harass_1	1	r2_sp_trait_all_agent_army_foreign_harass_guerrilla	1	
r2_sp_trait_all_agent_harass_2	2	r2_sp_trait_all_agent_army_foreign_harass_guerrilla	3	
r2_sp_trait_all_agent_harass_3	3	r2_sp_trait_all_agent_army_foreign_harass_guerrilla	6	
r2_sp_trait_all_agent_infiltrate_1	1	r2_sp_trait_all_agent_deployed_foreign_infiltrate	1	
r2_sp_trait_all_agent_infiltrate_2	2	r2_sp_trait_all_agent_deployed_foreign_infiltrate	3	
r2_sp_trait_all_agent_infiltrate_3	3	r2_sp_trait_all_agent_deployed_foreign_infiltrate	6	
r2_sp_trait_all_agent_instructor_1	1	r2_sp_trait_all_agent_army_instructor	1	
r2_sp_trait_all_agent_instructor_2	2	r2_sp_trait_all_agent_army_instructor	3	
r2_sp_trait_all_agent_instructor_3	3	r2_sp_trait_all_agent_army_instructor	6	
r2_sp_trait_all_agent_military_admin_1	1	r2_sp_trait_all_non_roman_agent_army_friendly_military_admin	1	
r2_sp_trait_all_agent_military_admin_2	2	r2_sp_trait_all_non_roman_agent_army_friendly_military_admin	3	
r2_sp_trait_all_agent_military_admin_3	3	r2_sp_trait_all_non_roman_agent_army_friendly_military_admin	6	
r2_sp_trait_all_agent_passive_adventurer_1	1	r2_sp_trait_all_agent_passive_adventurer	1	
r2_sp_trait_all_agent_passive_adventurer_2	2	r2_sp_trait_all_agent_passive_adventurer	3	
r2_sp_trait_all_agent_passive_adventurer_3	3	r2_sp_trait_all_agent_passive_adventurer	6	
r2_sp_trait_all_agent_passive_cultural_proponent_1	1	r2_sp_trait_all_agent_passive_cultural_proponent	1	
r2_sp_trait_all_agent_passive_cultural_proponent_2	2	r2_sp_trait_all_agent_passive_cultural_proponent	3	
r2_sp_trait_all_agent_passive_cultural_proponent_3	3	r2_sp_trait_all_agent_passive_cultural_proponent	6	
r2_sp_trait_all_agent_reconaissance_1	1	r2_sp_trait_all_agent_army_friendly_reconaissance	1	
r2_sp_trait_all_agent_reconaissance_2	2	r2_sp_trait_all_agent_army_friendly_reconaissance	3	
r2_sp_trait_all_agent_reconaissance_3	3	r2_sp_trait_all_agent_army_friendly_reconaissance	6	
r2_sp_trait_all_agent_seduce_coercion_1	1	r2_sp_trait_all_agent_seduce_coercion_1	1	
r2_sp_trait_all_agent_seduce_coercion_2	2	r2_sp_trait_all_agent_seduce_coercion_1	3	
r2_sp_trait_all_agent_seduce_persuasion_1	1	r2_sp_trait_all_agent_character_seduce_persuasion	1	
r2_sp_trait_all_agent_seduce_persuasion_2	2	r2_sp_trait_all_agent_character_seduce_persuasion	3	
r2_sp_trait_all_agent_seduce_temptation_1	1	r2_sp_trait_all_agent_character_seduce_temptation	1	
r2_sp_trait_all_agent_seduce_temptation_2	2	r2_sp_trait_all_agent_character_seduce_temptation	3	
r2_sp_trait_all_agent_settle_assault_garrison_1	1	r2_sp_trait_all_agent_settle_assault_garrison	1	
r2_sp_trait_all_agent_settle_assault_garrison_2	2	r2_sp_trait_all_agent_settle_assault_garrison	3	
r2_sp_trait_all_agent_settle_assault_garrison_3	3	r2_sp_trait_all_agent_settle_assault_garrison	6	
r2_sp_trait_all_agent_settle_buy_off_1	1	r2_sp_trait_all_agent_settle_buy_off	1	
r2_sp_trait_all_agent_settle_buy_off_2	2	r2_sp_trait_all_agent_settle_buy_off	3	
r2_sp_trait_all_agent_settle_buy_off_3	3	r2_sp_trait_all_agent_settle_buy_off	6	
r2_sp_trait_all_agent_settle_commit_arson_1	1	r2_sp_trait_all_agent_settle_commit_arson	1	
r2_sp_trait_all_agent_settle_commit_arson_2	2	r2_sp_trait_all_agent_settle_commit_arson	3	
r2_sp_trait_all_agent_settle_commit_arson_3	3	r2_sp_trait_all_agent_settle_commit_arson	6	
r2_sp_trait_all_agent_settle_cultural_propaganda_1	1	r2_sp_trait_all_agent_settle_cultural_propaganda	1	
r2_sp_trait_all_agent_settle_cultural_propaganda_2	2	r2_sp_trait_all_agent_settle_cultural_propaganda	3	
r2_sp_trait_all_agent_settle_cultural_propaganda_3	3	r2_sp_trait_all_agent_settle_cultural_propaganda	6	
r2_sp_trait_all_agent_settle_incite_unrest_1	1	r2_sp_trait_all_agent_settle_incite_unrest	1	
r2_sp_trait_all_agent_settle_incite_unrest_2	2	r2_sp_trait_all_agent_settle_incite_unrest	3	
r2_sp_trait_all_agent_settle_incite_unrest_3	3	r2_sp_trait_all_agent_settle_incite_unrest	6	
r2_sp_trait_all_agent_settle_poison_well_1	1	r2_sp_trait_all_agent_settle_poison_well	1	
r2_sp_trait_all_agent_settle_poison_well_2	2	r2_sp_trait_all_agent_settle_poison_well	3	
r2_sp_trait_all_agent_settle_poison_well_3	3	r2_sp_trait_all_agent_settle_poison_well	6	
r2_sp_trait_all_agent_settle_promote_disorder_1	1	r2_sp_trait_all_agent_settle_promote_disorder	1	
r2_sp_trait_all_agent_settle_promote_disorder_2	2	r2_sp_trait_all_agent_settle_promote_disorder	3	
r2_sp_trait_all_agent_settle_promote_disorder_3	3	r2_sp_trait_all_agent_settle_promote_disorder	6	
r2_sp_trait_all_agent_settle_raid_1	1	r2_sp_trait_all_agent_settle_raid	1	
r2_sp_trait_all_agent_settle_raid_2	2	r2_sp_trait_all_agent_settle_raid	3	
r2_sp_trait_all_agent_settle_raid_3	3	r2_sp_trait_all_agent_settle_raid	6	
r2_sp_trait_all_agent_settle_rally_slaves_1	1	r2_sp_trait_all_agent_settle_rally_slaves	1	
r2_sp_trait_all_agent_settle_rally_slaves_2	2	r2_sp_trait_all_agent_settle_rally_slaves	3	
r2_sp_trait_all_agent_settle_rally_slaves_3	3	r2_sp_trait_all_agent_settle_rally_slaves	6	
r2_sp_trait_all_agent_solicit_traitor_1	1	r2_sp_trait_all_agent_character_kill_solicit_traitor	1	
r2_sp_trait_all_ambusher_bad_1	1	r2_sp_trait_all_ambusher_bad	1	
r2_sp_trait_all_ambusher_bad_2	2	r2_sp_trait_all_ambusher_bad	3	
r2_sp_trait_all_ambusher_bad_3	3	r2_sp_trait_all_ambusher_bad	6	
r2_sp_trait_all_ambusher_good_1	1	r2_sp_trait_all_ambusher_good	1	
r2_sp_trait_all_ambusher_good_2	2	r2_sp_trait_all_ambusher_good	3	
r2_sp_trait_all_ambusher_good_3	3	r2_sp_trait_all_ambusher_good	6	
r2_sp_trait_all_assassin_1	1	r2_sp_trait_all_agent_character_assassin	1	
r2_sp_trait_all_assassin_2	2	r2_sp_trait_all_agent_character_assassin	3	
r2_sp_trait_all_assassin_3	3	r2_sp_trait_all_agent_character_assassin	6	
r2_sp_trait_all_attacker_bad_1	1	r2_sp_trait_all_attacker_bad	1	
r2_sp_trait_all_attacker_bad_2	2	r2_sp_trait_all_attacker_bad	3	
r2_sp_trait_all_attacker_bad_3	3	r2_sp_trait_all_attacker_bad	6	
r2_sp_trait_all_attacker_good_1	1	r2_sp_trait_all_attacker_good	1	
r2_sp_trait_all_attacker_good_2	2	r2_sp_trait_all_attacker_good	3	
r2_sp_trait_all_attacker_good_3	3	r2_sp_trait_all_attacker_good	6	
r2_sp_trait_all_attacker_sea_bad_1	1	r2_sp_trait_all_attacker_sea_bad	1	
r2_sp_trait_all_attacker_sea_bad_2	2	r2_sp_trait_all_attacker_sea_bad	3	
r2_sp_trait_all_attacker_sea_bad_3	3	r2_sp_trait_all_attacker_sea_bad	6	
r2_sp_trait_all_attacker_sea_good_1	1	r2_sp_trait_all_attacker_sea_good	1	
r2_sp_trait_all_attacker_sea_good_2	2	r2_sp_trait_all_attacker_sea_good	3	
r2_sp_trait_all_attacker_sea_good_3	3	r2_sp_trait_all_attacker_sea_good	6	
r2_sp_trait_all_background_abandoned_1	1	r2_sp_trait_all_background_abandoned	1	
r2_sp_trait_all_background_assassin_1	1	r2_sp_trait_all_background_assassin	1	
r2_sp_trait_all_background_beautiful_1	1	r2_sp_trait_all_background_beautiful	1	
r2_sp_trait_all_background_bright_1	1	r2_sp_trait_all_background_bright	1	
r2_sp_trait_all_background_command_1	1	r2_sp_trait_all_background_command	1	
r2_sp_trait_all_background_diplomacy_1	1	r2_sp_trait_all_background_diplomacy	1	
r2_sp_trait_all_background_inbred_1	1	r2_sp_trait_all_background_inbred	1	
r2_sp_trait_all_background_philosopher_1	1	r2_sp_trait_all_background_philosopher	1	
r2_sp_trait_all_background_scientist_1	1	r2_sp_trait_all_background_scientist	1	
r2_sp_trait_all_background_slave_1	1	r2_sp_trait_all_background_slave	1	
r2_sp_trait_all_background_spy_1	1	r2_sp_trait_all_background_spy	1	
r2_sp_trait_all_background_ugly_1	1	r2_sp_trait_all_background_ugly	1	
r2_sp_trait_all_background_very_inbred_1	1	r2_sp_trait_all_background_very_inbred	1	
r2_sp_trait_all_background_very_very_inbred_1	1	r2_sp_trait_all_background_very_very_inbred	1	
r2_sp_trait_all_battle_scarred_1	1	r2_sp_trait_all_battle_scarred	1	
r2_sp_trait_all_battle_scarred_2	2	r2_sp_trait_all_battle_scarred	3	
r2_sp_trait_all_battle_scarred_3	3	r2_sp_trait_all_battle_scarred	6	
r2_sp_trait_all_besieger_good_1	1	r2_sp_trait_all_besieger_good	1	
r2_sp_trait_all_besieger_good_2	2	r2_sp_trait_all_besieger_good	3	
r2_sp_trait_all_besieger_good_3	3	r2_sp_trait_all_besieger_good	6	
r2_sp_trait_all_defender_bad_1	1	r2_sp_trait_all_defender_bad	1	
r2_sp_trait_all_defender_bad_2	2	r2_sp_trait_all_defender_bad	3	
r2_sp_trait_all_defender_bad_3	3	r2_sp_trait_all_defender_bad	6	
r2_sp_trait_all_defender_good_1	1	r2_sp_trait_all_defender_good	1	
r2_sp_trait_all_defender_good_2	2	r2_sp_trait_all_defender_good	3	
r2_sp_trait_all_defender_good_3	3	r2_sp_trait_all_defender_good	6	
r2_sp_trait_all_defender_sea_bad_1	1	r2_sp_trait_all_defender_sea_bad	1	
r2_sp_trait_all_defender_sea_bad_2	2	r2_sp_trait_all_defender_sea_bad	3	
r2_sp_trait_all_defender_sea_bad_3	3	r2_sp_trait_all_defender_sea_bad	6	
r2_sp_trait_all_defender_sea_good_1	1	r2_sp_trait_all_defender_sea_good	1	
r2_sp_trait_all_defender_sea_good_2	2	r2_sp_trait_all_defender_sea_good	3	
r2_sp_trait_all_defender_sea_good_3	3	r2_sp_trait_all_defender_sea_good	6	
r2_sp_trait_all_disinherited_1	1	r2_sp_trait_all_disinherited	1	
r2_sp_trait_all_energetic_1	1	r2_sp_trait_all_energetic	1	
r2_sp_trait_all_energetic_2	2	r2_sp_trait_all_energetic	3	
r2_sp_trait_all_energetic_3	3	r2_sp_trait_all_energetic	6	
r2_sp_trait_all_fears_barbarians_1	1	r2_sp_trait_all_fears_barbarians	1	
r2_sp_trait_all_fears_carthage_1	1	r2_sp_trait_all_fears_carthage	1	
r2_sp_trait_all_fears_easterners_1	1	r2_sp_trait_all_fears_easterners	1	
r2_sp_trait_all_fears_egyptians_1	1	r2_sp_trait_all_fears_egyptians	1	
r2_sp_trait_all_fears_greeks_1	1	r2_sp_trait_all_fears_greeks	1	
r2_sp_trait_all_fears_romans_1	1	r2_sp_trait_all_fears_romans	1	
r2_sp_trait_all_fears_successors_1	1	r2_sp_trait_all_fears_successors	1	
r2_sp_trait_all_feck_1	1	r2_sp_trait_all_feck	1	
r2_sp_trait_all_feck_2	2	r2_sp_trait_all_feck	2	
r2_sp_trait_all_feck_3	3	r2_sp_trait_all_feck	3	
r2_sp_trait_all_fertile_1	1	r2_sp_trait_all_fertile	1	
r2_sp_trait_all_fertile_2	2	r2_sp_trait_all_fertile	3	
r2_sp_trait_all_fertile_3	3	r2_sp_trait_all_fertile	6	
r2_sp_trait_all_fervour_1	1	r2_sp_trait_all_fervour	2	
r2_sp_trait_all_fervour_2	2	r2_sp_trait_all_fervour	4	
r2_sp_trait_all_fervour_3	3	r2_sp_trait_all_fervour	7	
r2_sp_trait_all_gambling_1	1	r2_sp_trait_all_gambling	1	
r2_sp_trait_all_gambling_2	2	r2_sp_trait_all_gambling	2	
r2_sp_trait_all_gambling_3	3	r2_sp_trait_all_gambling	3	
r2_sp_trait_all_harsh_1	1	r2_sp_trait_civilised_leader_harsh	1	
r2_sp_trait_all_harsh_2	2	r2_sp_trait_civilised_leader_harsh	3	
r2_sp_trait_all_harsh_3	3	r2_sp_trait_civilised_leader_harsh	6	
r2_sp_trait_all_hates_barbarians_1	1	r2_sp_trait_all_hates_barbarians	1	
r2_sp_trait_all_hates_carthage_1	1	r2_sp_trait_all_hates_carthage	1	
r2_sp_trait_all_hates_easterners_1	1	r2_sp_trait_all_hates_easterners	1	
r2_sp_trait_all_hates_egyptians_1	1	r2_sp_trait_all_hates_egyptians	1	
r2_sp_trait_all_hates_greeks_1	1	r2_sp_trait_all_hates_greeks	1	
r2_sp_trait_all_hates_romans_1	1	r2_sp_trait_all_hates_romans	1	
r2_sp_trait_all_hates_successors_1	1	r2_sp_trait_all_hates_successors	1	
r2_sp_trait_all_healthy_1	1	r2_sp_trait_all_healthy	1	
r2_sp_trait_all_healthy_2	2	r2_sp_trait_all_healthy	3	
r2_sp_trait_all_healthy_3	3	r2_sp_trait_all_healthy	6	
r2_sp_trait_all_honest_1	1	r2_sp_trait_all_honest	1	
r2_sp_trait_all_honest_2	2	r2_sp_trait_all_honest	3	
r2_sp_trait_all_honest_3	3	r2_sp_trait_all_honest	6	
r2_sp_trait_all_infertile_1	1	r2_sp_trait_all_infertile	1	
r2_sp_trait_all_infertile_2	2	r2_sp_trait_all_infertile	3	
r2_sp_trait_all_infertile_3	3	r2_sp_trait_all_infertile	6	
r2_sp_trait_all_kind_1	1	r2_sp_trait_all_leader_kind	1	
r2_sp_trait_all_kind_2	2	r2_sp_trait_all_leader_kind	3	
r2_sp_trait_all_kind_3	3	r2_sp_trait_all_leader_kind	6	
r2_sp_trait_all_lazy_1	1	r2_sp_trait_all_lazy	1	
r2_sp_trait_all_lazy_2	2	r2_sp_trait_all_lazy	2	
r2_sp_trait_all_lazy_3	3	r2_sp_trait_all_lazy	3	
r2_sp_trait_all_leader_architect_1	1	r2_sp_trait_all_leader_architect	1	
r2_sp_trait_all_leader_architect_2	2	r2_sp_trait_all_leader_architect	3	
r2_sp_trait_all_leader_architect_3	3	r2_sp_trait_all_leader_architect	6	
r2_sp_trait_all_leader_farmer_1	1	r2_sp_trait_all_leader_farmer	1	
r2_sp_trait_all_leader_farmer_2	2	r2_sp_trait_all_leader_farmer	3	
r2_sp_trait_all_leader_farmer_3	3	r2_sp_trait_all_leader_farmer	6	
r2_sp_trait_all_leader_miner_1	1	r2_sp_trait_all_leader_miner	1	
r2_sp_trait_all_leader_miner_2	2	r2_sp_trait_all_leader_miner	3	
r2_sp_trait_all_leader_miner_3	3	r2_sp_trait_all_leader_miner	6	
r2_sp_trait_all_leader_miser_1	1	r2_sp_trait_all_leader_miser	1	
r2_sp_trait_all_leader_miser_2	2	r2_sp_trait_all_leader_miser	3	
r2_sp_trait_all_leader_miser_3	3	r2_sp_trait_all_leader_miser	6	
r2_sp_trait_all_leader_spender_1	1	r2_sp_trait_all_leader_spender	1	
r2_sp_trait_all_leader_spender_2	2	r2_sp_trait_all_leader_spender	2	
r2_sp_trait_all_leader_spender_3	3	r2_sp_trait_all_leader_spender	3	
r2_sp_trait_all_leader_spymaster_1	1	r2_sp_trait_all_leader_spymaster	1	
r2_sp_trait_all_leader_spymaster_2	2	r2_sp_trait_all_leader_spymaster	3	
r2_sp_trait_all_leader_spymaster_3	3	r2_sp_trait_all_leader_spymaster	6	
r2_sp_trait_all_leader_taxman_1	1	r2_sp_trait_all_leader_taxman	1	
r2_sp_trait_all_leader_taxman_2	2	r2_sp_trait_all_leader_taxman	3	
r2_sp_trait_all_leader_taxman_3	3	r2_sp_trait_all_leader_taxman	6	
r2_sp_trait_all_leader_trader_1	1	r2_sp_trait_all_leader_trader	1	
r2_sp_trait_all_leader_trader_2	2	r2_sp_trait_all_leader_trader	3	
r2_sp_trait_all_leader_trader_3	3	r2_sp_trait_all_leader_trader	6	
r2_sp_trait_all_lewd_1	1	r2_sp_trait_all_leader_lewd	2	
r2_sp_trait_all_lewd_2	2	r2_sp_trait_all_leader_lewd	4	
r2_sp_trait_all_lewd_3	3	r2_sp_trait_all_leader_lewd	7	
r2_sp_trait_all_likes_barbarians_1	1	r2_sp_trait_all_likes_barbarians	1	
r2_sp_trait_all_likes_carthage_1	1	r2_sp_trait_all_likes_carthage	1	
r2_sp_trait_all_likes_easterners_1	1	r2_sp_trait_all_likes_easterners	1	
r2_sp_trait_all_likes_egyptians_1	1	r2_sp_trait_all_likes_egyptians	1	
r2_sp_trait_all_likes_greeks_1	1	r2_sp_trait_all_likes_greeks	1	
r2_sp_trait_all_likes_romans_1	1	r2_sp_trait_all_likes_romans	1	
r2_sp_trait_all_likes_successors_1	1	r2_sp_trait_all_likes_successors	1	
r2_sp_trait_all_looter_1	1	r2_sp_trait_all_looter	1	
r2_sp_trait_all_looter_2	2	r2_sp_trait_all_looter	3	
r2_sp_trait_all_looter_3	3	r2_sp_trait_all_looter	6	
r2_sp_trait_all_mad_1	1	r2_sp_trait_all_mad	1	
r2_sp_trait_all_mad_2	2	r2_sp_trait_all_mad	3	
r2_sp_trait_all_mad_3	3	r2_sp_trait_all_mad	6	
r2_sp_trait_all_mad_leader_1	1	r2_sp_trait_all_leader_mad	1	
r2_sp_trait_all_mad_leader_2	2	r2_sp_trait_all_leader_mad	3	
r2_sp_trait_all_mad_leader_3	3	r2_sp_trait_all_leader_mad	6	
r2_sp_trait_all_negotiator_1	1	r2_sp_trait_all_negotiator	1	
r2_sp_trait_all_negotiator_2	2	r2_sp_trait_all_negotiator	3	
r2_sp_trait_all_negotiator_3	3	r2_sp_trait_all_negotiator	6	
r2_sp_trait_all_noctophilia_1	1	r2_sp_trait_all_noctophilia	1	
r2_sp_trait_all_noctophilia_2	2	r2_sp_trait_all_noctophilia	3	
r2_sp_trait_all_noctophilia_3	3	r2_sp_trait_all_noctophilia	6	
r2_sp_trait_all_noctophobia_1	1	r2_sp_trait_all_noctophobia	1	
r2_sp_trait_all_noctophobia_2	2	r2_sp_trait_all_noctophobia	3	
r2_sp_trait_all_noctophobia_3	3	r2_sp_trait_all_noctophobia	6	
r2_sp_trait_all_paranoid_1	1	r2_sp_trait_all_leader_paranoid	1	
r2_sp_trait_all_paranoid_2	2	r2_sp_trait_all_leader_paranoid	2	
r2_sp_trait_all_paranoid_3	3	r2_sp_trait_all_leader_paranoid	3	
r2_sp_trait_all_personal_bravery_1	1	r2_sp_trait_all_personal_bravery	1	
r2_sp_trait_all_personal_bravery_2	2	r2_sp_trait_all_personal_bravery	3	
r2_sp_trait_all_personal_bravery_3	3	r2_sp_trait_all_personal_bravery	6	
r2_sp_trait_all_personal_survival_1	1	r2_sp_trait_all_personal_survival	1	
r2_sp_trait_all_personal_survival_2	2	r2_sp_trait_all_personal_survival	3	
r2_sp_trait_all_personal_survival_3	3	r2_sp_trait_all_personal_survival	6	
r2_sp_trait_all_roman_agent_admin_1	1	r2_sp_trait_all_roman_agent_admin	1	
r2_sp_trait_all_roman_agent_admin_2	2	r2_sp_trait_all_roman_agent_admin	3	
r2_sp_trait_all_roman_agent_admin_3	3	r2_sp_trait_all_roman_agent_admin	6	
r2_sp_trait_all_siege_defender_bad_1	1	r2_sp_trait_all_siege_defender_bad	1	
r2_sp_trait_all_siege_defender_bad_2	2	r2_sp_trait_all_siege_defender_bad	3	
r2_sp_trait_all_siege_defender_bad_3	3	r2_sp_trait_all_siege_defender_bad	6	
r2_sp_trait_all_siege_defender_good_1	1	r2_sp_trait_all_besieger_bad	1	
r2_sp_trait_all_siege_defender_good_2	2	r2_sp_trait_all_besieger_bad	3	
r2_sp_trait_all_siege_defender_good_3	3	r2_sp_trait_all_besieger_bad	6	
r2_sp_trait_all_spy_1	1	r2_sp_trait_all_agent_passive_spy	1	
r2_sp_trait_all_spy_2	2	r2_sp_trait_all_agent_passive_spy	3	
r2_sp_trait_all_spy_3	3	r2_sp_trait_all_agent_passive_spy	6	
r2_sp_trait_all_strategist_1	1	r2_sp_trait_all_strategist	1	
r2_sp_trait_all_strategist_2	2	r2_sp_trait_all_strategist	3	
r2_sp_trait_all_strategist_3	3	r2_sp_trait_all_strategist	6	
r2_sp_trait_all_tactician_1	1	r2_sp_trait_all_tactician	1	
r2_sp_trait_all_tactician_2	2	r2_sp_trait_all_tactician	3	
r2_sp_trait_all_tactician_3	3	r2_sp_trait_all_tactician	6	
r2_sp_trait_all_unhealthy_1	1	r2_sp_trait_all_unhealthy	1	
r2_sp_trait_all_unhealthy_2	2	r2_sp_trait_all_unhealthy	2	
r2_sp_trait_all_unhealthy_3	3	r2_sp_trait_all_unhealthy	3	
r2_sp_trait_all_unjust_1	1	r2_sp_trait_all_leader_unjust	1	
r2_sp_trait_all_unjust_2	2	r2_sp_trait_all_leader_unjust	3	
r2_sp_trait_all_unjust_3	3	r2_sp_trait_all_leader_unjust	6	
r2_sp_trait_barbarian_agent_zeal_1	1	r2_sp_trait_barbarian_agent_zeal	1	
r2_sp_trait_barbarian_agent_zeal_2	2	r2_sp_trait_barbarian_agent_zeal	3	
r2_sp_trait_barbarian_agent_zeal_3	3	r2_sp_trait_barbarian_agent_zeal	6	
r2_sp_trait_barbarian_berserker_1	1	r2_sp_trait_barbarian_berserker	1	
r2_sp_trait_barbarian_berserker_2	2	r2_sp_trait_barbarian_berserker	3	
r2_sp_trait_barbarian_berserker_3	3	r2_sp_trait_barbarian_berserker	6	
r2_sp_trait_barbarian_blood_feud_1	1	r2_sp_trait_barbarian_blood_feud	1	
r2_sp_trait_barbarian_drink_1	1	r2_sp_trait_barbarian_drink	1	
r2_sp_trait_barbarian_drink_2	2	r2_sp_trait_barbarian_drink	2	
r2_sp_trait_barbarian_drink_3	3	r2_sp_trait_barbarian_drink	3	
r2_sp_trait_barbarian_girls_1	1	r2_sp_trait_barbarian_girls	2	
r2_sp_trait_barbarian_girls_2	2	r2_sp_trait_barbarian_girls	4	
r2_sp_trait_barbarian_girls_3	3	r2_sp_trait_barbarian_girls	7	
r2_sp_trait_barbarian_high_casualties_1	1	r2_sp_trait_barbarian_high_casualties	1	
r2_sp_trait_barbarian_high_casualties_2	2	r2_sp_trait_barbarian_high_casualties	3	
r2_sp_trait_barbarian_high_casualties_3	3	r2_sp_trait_barbarian_high_casualties	6	
r2_sp_trait_barbarian_mad_1	1	r2_sp_trait_barbarian_mad	1	
r2_sp_trait_barbarian_mad_2	2	r2_sp_trait_barbarian_mad	3	
r2_sp_trait_barbarian_mad_3	3	r2_sp_trait_barbarian_mad	6	
r2_sp_trait_barbarian_religious_1	1	r2_sp_trait_barbarian_religious	1	
r2_sp_trait_barbarian_religious_2	2	r2_sp_trait_barbarian_religious	3	
r2_sp_trait_barbarian_religious_3	3	r2_sp_trait_barbarian_religious	6	
r2_sp_trait_barbarian_sober_1	1	r2_sp_trait_barbarian_sober	1	
r2_sp_trait_barbarian_sober_2	2	r2_sp_trait_barbarian_sober	2	
r2_sp_trait_barbarian_sober_3	3	r2_sp_trait_barbarian_sober	3	
r2_sp_trait_barbarian_sweary_1	1	r2_sp_trait_barbarian_sweary	1	
r2_sp_trait_barbarian_sweary_2	1	r2_sp_trait_barbarian_sweary	2	
r2_sp_trait_barbarian_sweary_3	2	r2_sp_trait_barbarian_sweary	3	
r2_sp_trait_barbarian_warlord_1	1	r2_sp_trait_barbarian_warlord	1	
r2_sp_trait_barbarian_warlord_2	2	r2_sp_trait_barbarian_warlord	3	
r2_sp_trait_barbarian_warlord_3	3	r2_sp_trait_barbarian_warlord	6	
r2_sp_trait_ch_carthage_rank_1	1	r2_sp_trait_ch_carthage	1	
r2_sp_trait_ch_carthage_rank_2	2	r2_sp_trait_ch_carthage	2	
r2_sp_trait_ch_carthage_rank_3	3	r2_sp_trait_ch_carthage	3	
r2_sp_trait_ch_carthage_rank_4	4	r2_sp_trait_ch_carthage	4	
r2_sp_trait_ch_carthage_rank_5	5	r2_sp_trait_ch_carthage	5	
r2_sp_trait_ch_carthage_rank_6	6	r2_sp_trait_ch_carthage	6	
r2_sp_trait_ch_carthage_rank_7	7	r2_sp_trait_ch_carthage	7	
r2_sp_trait_ch_celtic_rank_1	1	r2_sp_trait_ch_celtic	1	
r2_sp_trait_ch_celtic_rank_2	2	r2_sp_trait_ch_celtic	2	
r2_sp_trait_ch_celtic_rank_3	3	r2_sp_trait_ch_celtic	3	
r2_sp_trait_ch_celtic_rank_4	4	r2_sp_trait_ch_celtic	4	
r2_sp_trait_ch_celtic_rank_5	5	r2_sp_trait_ch_celtic	5	
r2_sp_trait_ch_celtic_rank_6	6	r2_sp_trait_ch_celtic	6	
r2_sp_trait_ch_celtic_rank_7	7	r2_sp_trait_ch_celtic	7	
r2_sp_trait_ch_east_A_rank_1	1	r2_sp_trait_ch_east_A	1	
r2_sp_trait_ch_east_A_rank_2	2	r2_sp_trait_ch_east_A	2	
r2_sp_trait_ch_east_A_rank_3	3	r2_sp_trait_ch_east_A	3	
r2_sp_trait_ch_east_A_rank_4	4	r2_sp_trait_ch_east_A	4	
r2_sp_trait_ch_east_A_rank_5	5	r2_sp_trait_ch_east_A	5	
r2_sp_trait_ch_east_A_rank_6	6	r2_sp_trait_ch_east_A	6	
r2_sp_trait_ch_east_A_rank_7	7	r2_sp_trait_ch_east_A	7	
r2_sp_trait_ch_east_B_rank_1	1	r2_sp_trait_ch_east_B	1	
r2_sp_trait_ch_east_B_rank_2	2	r2_sp_trait_ch_east_B	2	
r2_sp_trait_ch_east_B_rank_3	3	r2_sp_trait_ch_east_B	3	
r2_sp_trait_ch_east_B_rank_4	4	r2_sp_trait_ch_east_B	4	
r2_sp_trait_ch_east_B_rank_5	5	r2_sp_trait_ch_east_B	5	
r2_sp_trait_ch_east_B_rank_6	6	r2_sp_trait_ch_east_B	6	
r2_sp_trait_ch_east_B_rank_7	7	r2_sp_trait_ch_east_B	7	
r2_sp_trait_ch_german_rank_1	1	r2_sp_trait_ch_german	1	
r2_sp_trait_ch_german_rank_2	2	r2_sp_trait_ch_german	2	
r2_sp_trait_ch_german_rank_3	3	r2_sp_trait_ch_german	3	
r2_sp_trait_ch_german_rank_4	4	r2_sp_trait_ch_german	4	
r2_sp_trait_ch_german_rank_5	5	r2_sp_trait_ch_german	5	
r2_sp_trait_ch_german_rank_6	6	r2_sp_trait_ch_german	6	
r2_sp_trait_ch_german_rank_7	7	r2_sp_trait_ch_german	7	
r2_sp_trait_ch_hellenic_athens_rank_1	1	r2_sp_trait_ch_hellenic_athens	1	
r2_sp_trait_ch_hellenic_athens_rank_2	2	r2_sp_trait_ch_hellenic_athens	2	
r2_sp_trait_ch_hellenic_athens_rank_3	3	r2_sp_trait_ch_hellenic_athens	3	
r2_sp_trait_ch_hellenic_athens_rank_4	4	r2_sp_trait_ch_hellenic_athens	4	
r2_sp_trait_ch_hellenic_athens_rank_5	5	r2_sp_trait_ch_hellenic_athens	5	
r2_sp_trait_ch_hellenic_athens_rank_6	6	r2_sp_trait_ch_hellenic_athens	6	
r2_sp_trait_ch_hellenic_athens_rank_7	7	r2_sp_trait_ch_hellenic_athens	6	
r2_sp_trait_ch_hellenic_rank_1	1	r2_sp_trait_ch_hellenic	1	
r2_sp_trait_ch_hellenic_rank_2	2	r2_sp_trait_ch_hellenic	2	
r2_sp_trait_ch_hellenic_rank_3	3	r2_sp_trait_ch_hellenic	3	
r2_sp_trait_ch_hellenic_rank_4	4	r2_sp_trait_ch_hellenic	4	
r2_sp_trait_ch_hellenic_rank_5	5	r2_sp_trait_ch_hellenic	5	
r2_sp_trait_ch_hellenic_rank_6	6	r2_sp_trait_ch_hellenic	6	
r2_sp_trait_ch_hellenic_rank_7	7	r2_sp_trait_ch_hellenic	7	
r2_sp_trait_ch_hellenic_sparta_rank_1	1	r2_sp_trait_ch_hellenic_sparta	1	
r2_sp_trait_ch_hellenic_sparta_rank_2	2	r2_sp_trait_ch_hellenic_sparta	2	
r2_sp_trait_ch_hellenic_sparta_rank_3	3	r2_sp_trait_ch_hellenic_sparta	3	
r2_sp_trait_ch_hellenic_sparta_rank_4	4	r2_sp_trait_ch_hellenic_sparta	4	
r2_sp_trait_ch_hellenic_sparta_rank_5	5	r2_sp_trait_ch_hellenic_sparta	5	
r2_sp_trait_ch_hellenic_sparta_rank_6	6	r2_sp_trait_ch_hellenic_sparta	6	
r2_sp_trait_ch_hellenic_sparta_rank_7	7	r2_sp_trait_ch_hellenic_sparta	7	
r2_sp_trait_ch_hellenic_sparta_rank_8	8	r2_sp_trait_ch_hellenic_sparta	8	
r2_sp_trait_ch_nomadic_rank_1	1	r2_sp_trait_ch_nomadic	1	
r2_sp_trait_ch_nomadic_rank_2	2	r2_sp_trait_ch_nomadic	2	
r2_sp_trait_ch_nomadic_rank_3	3	r2_sp_trait_ch_nomadic	3	
r2_sp_trait_ch_nomadic_rank_4	4	r2_sp_trait_ch_nomadic	4	
r2_sp_trait_ch_nomadic_rank_5	5	r2_sp_trait_ch_nomadic	5	
r2_sp_trait_ch_nomadic_rank_6	6	r2_sp_trait_ch_nomadic	6	
r2_sp_trait_ch_nomadic_rank_7	7	r2_sp_trait_ch_nomadic	7	
r2_sp_trait_ch_ptolemaic_rank_1	1	r2_sp_trait_ch_ptolemaic	1	
r2_sp_trait_ch_ptolemaic_rank_2	2	r2_sp_trait_ch_ptolemaic	2	
r2_sp_trait_ch_ptolemaic_rank_3	3	r2_sp_trait_ch_ptolemaic	3	
r2_sp_trait_ch_ptolemaic_rank_4	4	r2_sp_trait_ch_ptolemaic	4	
r2_sp_trait_ch_ptolemaic_rank_5	5	r2_sp_trait_ch_ptolemaic	5	
r2_sp_trait_ch_ptolemaic_rank_6	6	r2_sp_trait_ch_ptolemaic	6	
r2_sp_trait_ch_ptolemaic_rank_7	7	r2_sp_trait_ch_ptolemaic	7	
r2_sp_trait_ch_roman_rank_1	1	r2_sp_trait_ch_roman	1	
r2_sp_trait_ch_roman_rank_2	2	r2_sp_trait_ch_roman	2	
r2_sp_trait_ch_roman_rank_3	3	r2_sp_trait_ch_roman	3	
r2_sp_trait_ch_roman_rank_3_1	3	r2_sp_trait_ch_roman_variant_1	3	
r2_sp_trait_ch_roman_rank_4	4	r2_sp_trait_ch_roman	4	
r2_sp_trait_ch_roman_rank_5	5	r2_sp_trait_ch_roman	5	
r2_sp_trait_ch_roman_rank_6	6	r2_sp_trait_ch_roman	6	
r2_sp_trait_ch_roman_rank_7	7	r2_sp_trait_ch_roman	7	
r2_sp_trait_civilised_agent_zeal_1	1	r2_sp_trait_civilised_agent_zeal	1	
r2_sp_trait_civilised_agent_zeal_2	2	r2_sp_trait_civilised_agent_zeal	3	
r2_sp_trait_civilised_agent_zeal_3	3	r2_sp_trait_civilised_agent_zeal	6	
r2_sp_trait_civilised_blood_feud_1	1	r2_sp_trait_civilised_blood_feud	1	
r2_sp_trait_civilised_disciplinarian_bad_1	1	r2_sp_trait_civilised_disciplinarian_bad	1	
r2_sp_trait_civilised_disciplinarian_bad_2	2	r2_sp_trait_civilised_disciplinarian_bad	3	
r2_sp_trait_civilised_disciplinarian_bad_3	3	r2_sp_trait_civilised_disciplinarian_bad	6	
r2_sp_trait_civilised_high_casualties_1	1	r2_sp_trait_civilised_high_casualties	1	
r2_sp_trait_civilised_high_casualties_2	2	r2_sp_trait_civilised_high_casualties	3	
r2_sp_trait_civilised_high_casualties_3	3	r2_sp_trait_civilised_high_casualties	6	
r2_sp_trait_civilised_personal_cowardice_1	1	r2_sp_trait_all_personal_cowardice	1	
r2_sp_trait_civilised_personal_cowardice_2	2	r2_sp_trait_all_personal_cowardice	3	
r2_sp_trait_civilised_personal_cowardice_3	3	r2_sp_trait_all_personal_cowardice	6	
r2_sp_trait_civilised_politician_1	1	r2_sp_trait_civilised_politician	1	
r2_sp_trait_civilised_politician_2	2	r2_sp_trait_civilised_politician	3	
r2_sp_trait_civilised_politician_3	3	r2_sp_trait_civilised_politician	6	
r2_sp_trait_civilised_sweary_1	1	r2_sp_trait_civilised_sweary	1	
r2_sp_trait_civilised_sweary_2	2	r2_sp_trait_civilised_sweary	2	
r2_sp_trait_civilised_sweary_3	3	r2_sp_trait_civilised_sweary	3	
r2_sp_trait_civilized_adulterer_1	1	r2_sp_trait_civilized_adulterer	1	
r2_sp_trait_civilized_adulterer_2	2	r2_sp_trait_civilized_adulterer	2	
r2_sp_trait_civilized_adulterer_3	3	r2_sp_trait_civilized_adulterer	3	
r2_sp_trait_civilized_arse_1	1	r2_sp_trait_civilized_arse	2	
r2_sp_trait_civilized_arse_2	2	r2_sp_trait_civilized_arse	4	
r2_sp_trait_civilized_arse_3	3	r2_sp_trait_civilized_arse	7	
r2_sp_trait_civilized_atheist_1	1	r2_sp_trait_civilized_atheist	1	
r2_sp_trait_civilized_atheist_2	2	r2_sp_trait_civilized_atheist	2	
r2_sp_trait_civilized_atheist_3	3	r2_sp_trait_civilized_atheist	3	
r2_sp_trait_civilized_drink_1	1	r2_sp_trait_civilized_drink	1	
r2_sp_trait_civilized_drink_2	2	r2_sp_trait_civilized_drink	3	
r2_sp_trait_civilized_drink_3	3	r2_sp_trait_civilized_drink	6	
r2_sp_trait_civilized_girls_1	1	r2_sp_trait_civilized_girls	2	
r2_sp_trait_civilized_girls_2	2	r2_sp_trait_civilized_girls	4	
r2_sp_trait_civilized_girls_3	3	r2_sp_trait_civilized_girls	7	
r2_sp_trait_civilized_murderer_1	1	r2_sp_trait_civilized_murderer	1	
r2_sp_trait_civilized_persecutor_1	1	r2_sp_trait_civilized_persecutor	1	
r2_sp_trait_civilized_religious_1	1	r2_sp_trait_civilized_religious	1	
r2_sp_trait_civilized_religious_2	2	r2_sp_trait_civilized_religious	3	
r2_sp_trait_civilized_religious_3	3	r2_sp_trait_civilized_religious	6	
r2_sp_trait_civilized_sober_1	1	r2_sp_trait_civilized_sober	2	
r2_sp_trait_civilized_sober_2	2	r2_sp_trait_civilized_sober	4	
r2_sp_trait_civilized_sober_3	3	r2_sp_trait_civilized_sober	7	
r2_sp_trait_civilized_xenophile_1	1	r2_sp_trait_civilized_xenophile	1	
r2_sp_trait_civilized_xenophile_2	2	r2_sp_trait_civilized_xenophile	2	
r2_sp_trait_civilized_xenophile_3	3	r2_sp_trait_civilized_xenophile	3	
r2_sp_trait_civilized_xenophobe_1	1	r2_sp_trait_civilized_xenophobe	1	
r2_sp_trait_civilized_xenophobe_2	2	r2_sp_trait_civilized_xenophobe	2	
r2_sp_trait_civilized_xenophobe_3	3	r2_sp_trait_civilized_xenophobe	3	
r2_sp_trait_eastern_leader_great_king_1	1	r2_sp_trait_eastern_leader_great_king	1	
r2_sp_trait_female_agriculture_1	1	r2_sp_trait_female_agriculture	1	
r2_sp_trait_female_all_agent_army_show_force_1	1	r2_sp_trait_female_all_agent_army_show_force	1	
r2_sp_trait_female_all_agent_army_show_force_2	2	r2_sp_trait_female_all_agent_army_show_force	3	
r2_sp_trait_female_all_agent_army_show_force_3	3	r2_sp_trait_female_all_agent_army_show_force	6	
r2_sp_trait_female_all_agent_corrupt_1	1	r2_sp_trait_female_all_agent_deployed_foreign_corrupt	1	
r2_sp_trait_female_all_agent_corrupt_2	2	r2_sp_trait_female_all_agent_deployed_foreign_corrupt	3	
r2_sp_trait_female_all_agent_corrupt_3	3	r2_sp_trait_female_all_agent_deployed_foreign_corrupt	6	
r2_sp_trait_female_all_agent_friendly_counterspy_1	1	r2_sp_trait_female_all_agent_deployed_friendly_counterspy	1	
r2_sp_trait_female_all_agent_friendly_counterspy_2	2	r2_sp_trait_female_all_agent_deployed_friendly_counterspy	3	
r2_sp_trait_female_all_agent_friendly_counterspy_3	3	r2_sp_trait_female_all_agent_deployed_friendly_counterspy	6	
r2_sp_trait_female_all_agent_incite_unrest_1	1	r2_sp_trait_female_all_agent_settle_incite_unrest	1	
r2_sp_trait_female_all_agent_incite_unrest_2	2	r2_sp_trait_female_all_agent_settle_incite_unrest	3	
r2_sp_trait_female_all_agent_incite_unrest_3	3	r2_sp_trait_female_all_agent_settle_incite_unrest	6	
r2_sp_trait_female_all_agent_kill_poison_1	1	r2_sp_trait_female_all_agent_character_kill_poison	1	
r2_sp_trait_female_all_agent_kill_poison_2	2	r2_sp_trait_female_all_agent_character_kill_poison	3	
r2_sp_trait_female_all_agent_kill_poison_3	3	r2_sp_trait_female_all_agent_character_kill_poison	6	
r2_sp_trait_female_all_agent_kill_single_combat_1	1	r2_sp_trait_female_all_agent_character_kill_single_combat	1	
r2_sp_trait_female_all_agent_kill_single_combat_2	2	r2_sp_trait_female_all_agent_character_kill_single_combat	3	
r2_sp_trait_female_all_agent_kill_single_combat_3	3	r2_sp_trait_female_all_agent_character_kill_single_combat	6	
r2_sp_trait_female_all_agent_promote_disorder_1	1	r2_sp_trait_female_all_agent_settle_promote_disorder	1	
r2_sp_trait_female_all_agent_promote_disorder_2	2	r2_sp_trait_female_all_agent_settle_promote_disorder	3	
r2_sp_trait_female_all_agent_promote_disorder_3	3	r2_sp_trait_female_all_agent_settle_promote_disorder	6	
r2_sp_trait_female_all_agent_settle_rally_slaves_1	1	r2_sp_trait_female_all_agent_settle_rally_slaves	1	
r2_sp_trait_female_all_agent_settle_rally_slaves_3	2	r2_sp_trait_female_all_agent_settle_rally_slaves	3	
r2_sp_trait_female_all_assassin_1	1	r2_sp_trait_female_all_agent_character_assassin	1	
r2_sp_trait_female_all_assassin_2	2	r2_sp_trait_female_all_agent_character_assassin	3	
r2_sp_trait_female_all_assassin_3	3	r2_sp_trait_female_all_agent_character_assassin	6	
r2_sp_trait_female_all_background_beautiful_1	1	r2_sp_trait_female_all_background_beautiful	1	
r2_sp_trait_female_all_background_bright_1	1	r2_sp_trait_female_all_background_bright	1	
r2_sp_trait_female_all_background_command_1	1	r2_sp_trait_female_all_background_command	1	
r2_sp_trait_female_all_background_slave_1	1	r2_sp_trait_female_all_background_slave	1	
r2_sp_trait_female_all_background_spy_1	1	r2_sp_trait_female_all_background_spy	1	
r2_sp_trait_female_all_feck_1	1	r2_sp_trait_female_all_feck	1	
r2_sp_trait_female_all_feck_2	2	r2_sp_trait_female_all_feck	2	
r2_sp_trait_female_all_feck_3	3	r2_sp_trait_female_all_feck	3	
r2_sp_trait_female_all_healthy_1	1	r2_sp_trait_female_all_healthy	1	
r2_sp_trait_female_all_healthy_2	2	r2_sp_trait_female_all_healthy	3	
r2_sp_trait_female_all_healthy_3	3	r2_sp_trait_female_all_healthy	6	
r2_sp_trait_female_all_personal_survival_1	1	r2_sp_trait_female_all_personal_survival	1	
r2_sp_trait_female_all_personal_survival_2	2	r2_sp_trait_female_all_personal_survival	3	
r2_sp_trait_female_all_personal_survival_3	3	r2_sp_trait_female_all_personal_survival	6	
r2_sp_trait_female_all_spy_1	1	r2_sp_trait_female_all_agent_passive_spy	1	
r2_sp_trait_female_all_spy_2	2	r2_sp_trait_female_all_agent_passive_spy	3	
r2_sp_trait_female_all_spy_3	3	r2_sp_trait_female_all_agent_passive_spy	6	
r2_sp_trait_female_all_unhealthy_1	1	r2_sp_trait_female_all_unhealthy	1	
r2_sp_trait_female_all_unhealthy_2	2	r2_sp_trait_female_all_unhealthy	2	
r2_sp_trait_female_all_unhealthy_3	3	r2_sp_trait_female_all_unhealthy	3	
r2_sp_trait_female_barbarian_agent_zeal_1	1	r2_sp_trait_female_barbarian_agent_zeal	1	
r2_sp_trait_female_barbarian_agent_zeal_2	2	r2_sp_trait_female_barbarian_agent_zeal	3	
r2_sp_trait_female_barbarian_agent_zeal_3	3	r2_sp_trait_female_barbarian_agent_zeal	6	
r2_sp_trait_female_barbarian_blokes_1	1	r2_sp_trait_female_barbarian_blokes	1	
r2_sp_trait_female_barbarian_blokes_2	2	r2_sp_trait_female_barbarian_blokes	3	
r2_sp_trait_female_barbarian_blokes_3	3	r2_sp_trait_female_barbarian_blokes	6	
r2_sp_trait_female_barbarian_drink_1	1	r2_sp_trait_female_barbarian_drink	1	
r2_sp_trait_female_barbarian_drink_2	2	r2_sp_trait_female_barbarian_drink	2	
r2_sp_trait_female_barbarian_drink_3	3	r2_sp_trait_female_barbarian_drink	3	
r2_sp_trait_female_barbarian_sober_1	1	r2_sp_trait_female_barbarian_sober	2	
r2_sp_trait_female_barbarian_sober_2	2	r2_sp_trait_female_barbarian_sober	4	
r2_sp_trait_female_barbarian_sober_3	3	r2_sp_trait_female_barbarian_sober	7	
r2_sp_trait_female_cavalry_1	1	r2_sp_trait_female_cavalry	1	
r2_sp_trait_female_civilised_agent_zeal_1	1	r2_sp_trait_female_civilised_agent_zeal	1	
r2_sp_trait_female_civilised_agent_zeal_2	2	r2_sp_trait_female_civilised_agent_zeal	3	
r2_sp_trait_female_civilised_agent_zeal_3	3	r2_sp_trait_female_civilised_agent_zeal	6	
r2_sp_trait_female_civilized_adulterer_1	1	r2_sp_trait_female_civilized_adulterer	1	
r2_sp_trait_female_civilized_adulterer_2	2	r2_sp_trait_female_civilized_adulterer	2	
r2_sp_trait_female_civilized_adulterer_3	3	r2_sp_trait_female_civilized_adulterer	3	
r2_sp_trait_female_civilized_blokes_1	1	r2_sp_trait_female_civilized_blokes	1	
r2_sp_trait_female_civilized_blokes_2	2	r2_sp_trait_female_civilized_blokes	3	
r2_sp_trait_female_civilized_blokes_3	3	r2_sp_trait_female_civilized_blokes	6	
r2_sp_trait_female_civilized_drink_1	1	r2_sp_trait_female_civilized_drink	1	
r2_sp_trait_female_civilized_drink_2	2	r2_sp_trait_female_civilized_drink	2	
r2_sp_trait_female_civilized_drink_3	3	r2_sp_trait_female_civilized_drink	3	
r2_sp_trait_female_civilized_murderer_1	1	r2_sp_trait_female_civilized_murderer	1	
r2_sp_trait_female_civilized_persecutor_1	1	r2_sp_trait_female_civilized_persecutor	1	
r2_sp_trait_female_civilized_sober_1	1	r2_sp_trait_female_civilized_sober	2	
r2_sp_trait_female_civilized_sober_2	2	r2_sp_trait_female_civilized_sober	4	
r2_sp_trait_female_civilized_sober_3	3	r2_sp_trait_female_civilized_sober	7	
r2_sp_trait_female_daughter_1	1	r2_sp_trait_female_daughter	1	
r2_sp_trait_female_diplomat_1	1	r2_sp_trait_female_diplomat	1	
r2_sp_trait_female_fleet_1	1	r2_sp_trait_female_fleet	1	
r2_sp_trait_female_greco_roman_humors_phlegm_1	1	r2_sp_trait_female_greco_roman_humors_phlegm	1	
r2_sp_trait_female_greco_roman_humors_yel_bile_1	1	r2_sp_trait_female_greco_roman_humors_yellow_bile	1	
r2_sp_trait_female_roman_background_gladiator_1	1	r2_sp_trait_female_roman_background_fighter	1	
r2_sp_trait_female_roman_dishonest_1	1	r2_sp_trait_female_roman_dishonest	1	
r2_sp_trait_female_roman_dishonest_2	2	r2_sp_trait_female_roman_dishonest	2	
r2_sp_trait_female_roman_dishonest_3	3	r2_sp_trait_female_roman_dishonest	3	
r2_sp_trait_female_roman_drink_1	1	r2_sp_trait_female_roman_drink	1	
r2_sp_trait_female_roman_drink_2	2	r2_sp_trait_female_roman_drink	2	
r2_sp_trait_female_roman_drink_3	3	r2_sp_trait_female_roman_drink	3	
r2_sp_trait_female_roman_games_obsessive_1	1	r2_sp_trait_female_roman_games_obsessive	1	
r2_sp_trait_female_roman_games_obsessive_2	2	r2_sp_trait_female_roman_games_obsessive	2	
r2_sp_trait_female_roman_games_obsessive_3	3	r2_sp_trait_female_roman_games_obsessive	3	
r2_sp_trait_female_roman_good_roman_1	1	r2_sp_trait_female_roman_good_roman	1	
r2_sp_trait_female_roman_good_roman_2	2	r2_sp_trait_female_roman_good_roman	3	
r2_sp_trait_female_roman_good_roman_3	3	r2_sp_trait_female_roman_good_roman	6	
r2_sp_trait_female_roman_races_obsessive_1	1	r2_sp_trait_female_roman_races_obsessive	1	
r2_sp_trait_female_roman_races_obsessive_2	2	r2_sp_trait_female_roman_races_obsessive	3	
r2_sp_trait_female_roman_races_obsessive_3	3	r2_sp_trait_female_roman_races_obsessive	6	
r2_sp_trait_female_roman_unroman_1	1	r2_sp_trait_female_roman_unroman	1	
r2_sp_trait_female_roman_unroman_2	2	r2_sp_trait_female_roman_unroman	3	
r2_sp_trait_female_roman_unroman_3	3	r2_sp_trait_female_roman_unroman	6	
r2_sp_trait_female_roman_virtues_dignity_1	1	r2_sp_trait_female_roman_virtues_personal_dignity	1	
r2_sp_trait_female_roman_virtues_dutifulness_1	1	r2_sp_trait_female_roman_virtues_personal_dutifulness	1	
r2_sp_trait_female_roman_virtues_forethought_1	1	r2_sp_trait_female_roman_virtues_public_forethought	1	
r2_sp_trait_female_roman_virtues_freedom_1	1	r2_sp_trait_female_roman_virtues_public_freedom	1	
r2_sp_trait_female_roman_virtues_frugality_1	1	r2_sp_trait_female_roman_virtues_personal_frugality	1	
r2_sp_trait_female_roman_virtues_giving_1	1	r2_sp_trait_female_roman_virtues_public_giving	1	
r2_sp_trait_female_roman_virtues_gravity_1	1	r2_sp_trait_female_roman_virtues_personal_gravity	1	
r2_sp_trait_female_roman_virtues_humanity_1	1	r2_sp_trait_female_roman_virtues_personal_humanity	1	
r2_sp_trait_female_roman_virtues_industriousness_1	1	r2_sp_trait_female_roman_virtues_personal_industriousness	1	
r2_sp_trait_female_roman_virtues_modesty_1	1	r2_sp_trait_female_roman_virtues_public_modesty	1	
r2_sp_trait_female_roman_virtues_personal_humour_1	1	r2_sp_trait_female_roman_virtues_personal_humour	1	
r2_sp_trait_female_roman_virtues_personal_mercy_1	1	r2_sp_trait_female_roman_virtues_personal_mercy	1	
r2_sp_trait_female_roman_virtues_prudence_1	1	r2_sp_trait_female_roman_virtues_personal_prudence	1	
r2_sp_trait_female_roman_virtues_public_dutifulnes	1	r2_sp_trait_female_roman_virtues_public_dutifulness	1	
r2_sp_trait_female_roman_virtues_tenacity_1	1	r2_sp_trait_female_roman_virtues_personal_tenacity	1	
r2_sp_trait_female_roman_virtues_truthfulness_1	1	r2_sp_trait_female_roman_virtues_personal_truthfulness	1	
r2_sp_trait_female_roman_virtues_wholesomeness_1	1	r2_sp_trait_female_roman_virtues_personal_wholesomeness	1	
r2_sp_trait_female_scholar_1	1	r2_sp_trait_female_scholar	1	
r2_sp_trait_female_trader_1	1	r2_sp_trait_female_trader	1	
r2_sp_trait_female_warrior_1	1	r2_sp_trait_female_warrior	1	
r2_sp_trait_greco_roman_humors_black_bile_1	1	r2_sp_trait_greco_roman_humors_black_bile	1	
r2_sp_trait_greco_roman_humors_blood_1	1	r2_sp_trait_greco_roman_humors_blood	1	
r2_sp_trait_greco_roman_humors_phlegm_1	1	r2_sp_trait_greco_roman_humors_phlegm	1	
r2_sp_trait_greco_roman_humors_yellow_bile_1	1	r2_sp_trait_greco_roman_humors_yellow_bile	1	
r2_sp_trait_non_roman_background_adept_1	1	r2_sp_trait_all_background_adept	1	
r2_sp_trait_non_roman_background_fighter_1	1	r2_sp_trait_non_roman_background_fighter	1	
r2_sp_trait_non_roman_background_mascot_1	1	r2_sp_trait_non_roman_background_mascot	1	
r2_sp_trait_non_roman_background_poor_1	1	r2_sp_trait_non_roman_background_poor	1	
r2_sp_trait_non_roman_background_wealthy_1	1	r2_sp_trait_non_roman_background_wealthy	1	
r2_sp_trait_non_roman_dishonest_1	1	r2_sp_trait_non_roman_dishonest	1	
r2_sp_trait_non_roman_dishonest_2	2	r2_sp_trait_non_roman_dishonest	2	
r2_sp_trait_non_roman_dishonest_3	3	r2_sp_trait_non_roman_dishonest	3	
r2_sp_trait_non_roman_eagle_won_1	1	r2_sp_trait_non_roman_eagle_won	1	
r2_sp_trait_non_roman_eagle_won_2	2	r2_sp_trait_non_roman_eagle_won	3	
r2_sp_trait_roman_background_gladiator_1	1	r2_sp_trait_roman_background_fighter	1	
r2_sp_trait_roman_background_mascot_1	1	r2_sp_trait_roman_background_mascot	1	
r2_sp_trait_roman_background_poor_1	1	r2_sp_trait_roman_background_poor	1	
r2_sp_trait_roman_background_wealthy_1	1	r2_sp_trait_roman_background_wealthy	1	
r2_sp_trait_roman_blood_feud_1	1	r2_sp_trait_roman_blood_feud	1	
r2_sp_trait_roman_dishonest_1	1	r2_sp_trait_roman_dishonest	1	
r2_sp_trait_roman_dishonest_2	2	r2_sp_trait_roman_dishonest	3	
r2_sp_trait_roman_dishonest_3	3	r2_sp_trait_roman_dishonest	6	
r2_sp_trait_roman_drink_1	1	r2_sp_trait_roman_drink	1	
r2_sp_trait_roman_drink_2	2	r2_sp_trait_roman_drink	2	
r2_sp_trait_roman_drink_3	3	r2_sp_trait_roman_drink	3	
r2_sp_trait_roman_eagle_found_1	1	r2_sp_trait_roman_eagle_found	1	
r2_sp_trait_roman_eagle_lost_1	1	r2_sp_trait_roman_eagle_lost	1	
r2_sp_trait_roman_eagle_lost_2	2	r2_sp_trait_roman_eagle_lost	6	
r2_sp_trait_roman_games_obsessive_1	1	r2_sp_trait_roman_games_obsessive	1	
r2_sp_trait_roman_games_obsessive_2	2	r2_sp_trait_roman_games_obsessive	2	
r2_sp_trait_roman_games_obsessive_3	3	r2_sp_trait_roman_games_obsessive	3	
r2_sp_trait_roman_gladiator_obsessive_mermillo_1	1	r2_sp_trait_roman_gladiator_obsessive_mermillo	1	
r2_sp_trait_roman_gladiator_obsessive_samnite_1	1	r2_sp_trait_roman_gladiator_obsessive_samnite	1	
r2_sp_trait_roman_good_roman_1	1	r2_sp_trait_roman_good_roman	1	
r2_sp_trait_roman_good_roman_2	2	r2_sp_trait_roman_good_roman	3	
r2_sp_trait_roman_good_roman_3	3	r2_sp_trait_roman_good_roman	6	
r2_sp_trait_roman_proscriptor_1	1	r2_sp_trait_roman_proscriptor	1	
r2_sp_trait_roman_races_obsessive_1	1	r2_sp_trait_roman_races_obsessive	1	
r2_sp_trait_roman_races_obsessive_2	2	r2_sp_trait_roman_races_obsessive	3	
r2_sp_trait_roman_races_obsessive_3	3	r2_sp_trait_roman_races_obsessive	6	
r2_sp_trait_roman_unroman_1	1	r2_sp_trait_roman_unroman	1	
r2_sp_trait_roman_unroman_2	2	r2_sp_trait_roman_unroman	3	
r2_sp_trait_roman_unroman_3	3	r2_sp_trait_roman_unroman	6	
r2_sp_trait_roman_victor_1	3	r2_sp_trait_roman_victor	10	
r2_sp_trait_roman_victor_2	2	r2_sp_trait_roman_victor	5	
r2_sp_trait_roman_victor_3	1	r2_sp_trait_roman_victor	1	
r2_sp_trait_roman_virtues_personal_dignity_1	1	r2_sp_trait_roman_virtues_personal_dignity	1	
r2_sp_trait_roman_virtues_personal_dutifulness_1	1	r2_sp_trait_roman_virtues_personal_dutifulness	1	
r2_sp_trait_roman_virtues_personal_fortitude_1	1	r2_sp_trait_roman_virtues_personal_fortitude	1	
r2_sp_trait_roman_virtues_personal_frugality_1	1	r2_sp_trait_roman_virtues_personal_frugality	1	
r2_sp_trait_roman_virtues_personal_gravity_1	1	r2_sp_trait_roman_virtues_personal_gravity	1	
r2_sp_trait_roman_virtues_personal_humanity_1	1	r2_sp_trait_roman_virtues_personal_humanity	1	
r2_sp_trait_roman_virtues_personal_humour_1	1	r2_sp_trait_roman_virtues_personal_humour	1	
r2_sp_trait_roman_virtues_personal_industriousness	1	r2_sp_trait_roman_virtues_personal_industriousness	1	
r2_sp_trait_roman_virtues_personal_mercy_1	1	r2_sp_trait_roman_virtues_personal_mercy	1	
r2_sp_trait_roman_virtues_personal_morale_courage_	1	r2_sp_trait_roman_virtues_personal_morale_courage	1	
r2_sp_trait_roman_virtues_personal_prudence_1	1	r2_sp_trait_roman_virtues_personal_prudence	1	
r2_sp_trait_roman_virtues_personal_respectability	1	r2_sp_trait_roman_virtues_personal_respectability	1	
r2_sp_trait_roman_virtues_personal_spiritual_autho	1	r2_sp_trait_roman_virtues_personal_spiritual_authority	1	
r2_sp_trait_roman_virtues_personal_sternness_1	1	r2_sp_trait_roman_virtues_personal_sternness	1	
r2_sp_trait_roman_virtues_personal_tenacity_1	1	r2_sp_trait_roman_virtues_personal_tenacity	1	
r2_sp_trait_roman_virtues_personal_truthfulness_1	1	r2_sp_trait_roman_virtues_personal_truthfulness	1	
r2_sp_trait_roman_virtues_personal_wholesomeness_1	1	r2_sp_trait_roman_virtues_personal_wholesomeness	1	
r2_sp_trait_roman_virtues_public_clemency_1	1	r2_sp_trait_roman_virtues_public_clemency	1	
r2_sp_trait_roman_virtues_public_confidence_1	1	r2_sp_trait_roman_virtues_public_confidence	1	
r2_sp_trait_roman_virtues_public_dutifulness_1	1	r2_sp_trait_roman_virtues_public_dutifulness	1	
r2_sp_trait_roman_virtues_public_endurance_1	1	r2_sp_trait_roman_virtues_public_endurance	1	
r2_sp_trait_roman_virtues_public_fair_1	1	r2_sp_trait_roman_virtues_public_fair	1	
r2_sp_trait_roman_virtues_public_faith_1	1	r2_sp_trait_roman_virtues_public_faith	1	
r2_sp_trait_roman_virtues_public_fertile_agricultu	1	r2_sp_trait_roman_virtues_public_fertile_agriculture	1	
r2_sp_trait_roman_virtues_public_forethought_1	1	r2_sp_trait_roman_virtues_public_forethought	1	
r2_sp_trait_roman_virtues_public_fortune_1	1	r2_sp_trait_roman_virtues_public_fortune	1	
r2_sp_trait_roman_virtues_public_freedom_1	1	r2_sp_trait_roman_virtues_public_freedom	1	
r2_sp_trait_roman_virtues_public_giving_1	1	r2_sp_trait_roman_virtues_public_giving	1	
r2_sp_trait_roman_virtues_public_harmony_1	1	r2_sp_trait_roman_virtues_public_harmony	1	
r2_sp_trait_roman_virtues_public_hope_1	1	r2_sp_trait_roman_virtues_public_hope	1	
r2_sp_trait_roman_virtues_public_joy_1	1	r2_sp_trait_roman_virtues_public_joy	1	
r2_sp_trait_roman_virtues_public_justice_1	1	r2_sp_trait_roman_virtues_public_justice	1	
r2_sp_trait_roman_virtues_public_lucky_1	1	r2_sp_trait_roman_virtues_public_lucky	1	
r2_sp_trait_roman_virtues_public_mirth_1	1	r2_sp_trait_roman_virtues_public_mirth	1	
r2_sp_trait_roman_virtues_public_modesty_1	1	r2_sp_trait_roman_virtues_public_modesty	1	
r2_sp_trait_roman_virtues_public_nobility_1	1	r2_sp_trait_roman_virtues_public_nobility	1	
r2_sp_trait_roman_virtues_public_peace_1	1	r2_sp_trait_roman_virtues_public_peace	1	
r2_sp_trait_roman_virtues_public_plenty_1	1	r2_sp_trait_roman_virtues_public_plenty	1	
r2_sp_trait_roman_virtues_public_prosperity_1	1	r2_sp_trait_roman_virtues_public_prosperity	1	
r2_sp_trait_roman_virtues_public_public_health_1	1	r2_sp_trait_roman_virtues_public_public_health	1	
r2_sp_trait_roman_virtues_public_roman_spirit_1	1	r2_sp_trait_roman_virtues_public_roman_spirit	1	
r2_sp_trait_roman_virtues_public_wealth_1	1	r2_sp_trait_roman_virtues_public_wealth	1	
r2_sp_trait_rome_eunuch_1	1	r2_sp_trait_rome_eunuch	1	
r2_sp_trait_rome_mad_1	1	r2_sp_trait_rome_mad	1	
r2_sp_trait_rome_mad_2	2	r2_sp_trait_rome_mad	3	
r2_sp_trait_rome_mad_3	3	r2_sp_trait_rome_mad	6	
